Group,LE,QALEcond,LEcond,HealthyLY,HealthyLYCond,
all,65.1372254225248,40.23842497093672,53.89475169900311,53.01435193368863,41.7718782101667,
Male,64.54461865086115,40.570821768117874,53.27196529127994,52.71826631542456,41.44561295584313,
Female,66.01845571302539,39.92664767807343,54.81338864635918,54.09373305704763,42.888665990381355,
1970s,60.359618758491,35.67802613802519,48.04528656299866,50.06846411411954,37.75413191862721,
1980s,64.66975196104697,39.88836867594003,53.45641456431232,52.65653289932618,41.44319550259125,
1990s,67.80909810120815,42.71746076150185,57.0413289760678,54.85334898543885,44.085579860298026,
Age0-4,65.99654513272692,45.2342186241194,59.88479280658464,53.652645647937014,47.54089332179503,
Age5-9,66.25869114763753,41.22319958787302,55.54621708779791,53.548987446233504,42.83651338639398,
Age10-14,64.7931971278366,35.66133933468197,48.72049403361358,52.80300656420447,36.73030346998141,
Age15-20,63.233398863943265,31.255237134946274,42.293735650060256,52.15917817517231,31.219514961289242,
brain,55.46557263135304,32.632511456891024,43.9965000561811,47.39519281180376,35.92612023663205,
bone,64.08483433009897,33.84650972632744,47.39143952194527,50.53329843193018,33.839903623776664,
sts,63.672371296881344,37.92857746313989,51.738842950146335,50.37161403994872,38.43808569321384,
solid,66.20046209016235,44.644894041173174,59.788359396311236,51.659969788317085,45.24786709446587,
leuk,71.64134903034383,46.70100601512187,62.07683624345132,59.17275430865909,49.60824152176654,
lymp,65.57360756092731,36.37794682608269,49.25736351853299,51.54621622070679,35.22997217831243,
ALL,73.18711994250195,48.01671495014243,63.869058556353174,60.75672907627144,51.43866769012247,
AML,65.14163254598766,40.547277686397834,54.01652779633073,53.387155479873734,42.262050730216906,
OtherLeukemia,59.12868484121802,34.74181880018605,46.143539204460765,49.27848271108991,36.2933370743326,
Astrocytoma,60.66385170882967,36.484658448464316,49.16133519974987,51.442498818327145,39.93998230924731,
Medulloblastoma,48.42893098087727,27.50914785218851,37.30312501658834,41.30157356229685,30.17576759800798,
Other CNS,55.96988542081358,32.78814081083172,44.12639351085431,47.17976724801315,35.33627533805393,
HL,62.66180336643217,32.77108063432361,44.73895326648144,49.092004856631405,31.169154756680694,
NHL,71.87301147756804,43.116716539729765,57.956912543927075,56.06800766549545,42.15190873185431,
Kidney,68.08705045148055,45.51888293483085,60.9315924335415,53.80930416059759,46.6538461426585,
NBL,65.34388837390347,44.87125777712957,59.778431180180576,50.92603038899383,45.360573195271066,
STS,63.672371296881344,37.92857746313989,51.738842950146335,50.37161403994872,38.43808569321384,
Ewings,60.47618654048601,31.561749044447993,44.93876728055264,46.76344643917239,31.226027179239114,
Osteosarcoma,68.01910314526515,36.18251221703444,50.58492917272,53.6322379571151,36.19806398456997,
OtherBoneTumor,66.2513648196093,35.56825136964628,50.04023216398598,52.96376668584293,36.75263403021961,
AnthNone,62.79221016555602,38.86709784207246,51.81225614076068,52.27763049044393,41.29201167507508,
Anth<100,72.31846143545489,47.19788240986412,62.90076413070588,59.76336038131331,50.346292834451454,
Anth100_249,67.8477111185612,42.02497684742635,56.330822367826855,54.992396484973064,43.490175887174274,
Anth250_399,63.15064964796841,36.79618733245836,50.16295677711518,49.31261095696223,36.29573280166203,
Anth400+,62.33604395975682,35.27923189480348,48.08719269907784,48.76006112564356,34.49718318405704,
AlkNone,65.90503010222443,41.45520873349342,55.11535982318687,54.39740055157893,43.61901438449949,
Alk<4000,70.39460020543743,44.96992439188256,60.13963493450542,57.915622859334015,47.6659102472168,
Alk4000_7999,66.13402971313636,39.68384544369841,53.45130241546996,52.906988153329245,40.24151341717695,
Alk8000_11999,63.754198114368364,38.1423542816563,51.48639080273203,51.38295014253893,39.13373397696844,
Alk12000+,57.32659460162206,33.331307013345885,45.398238572640935,45.47346893628875,33.54875220076394,
CispNone,66.10986950142848,41.03179196848282,54.90681943847913,53.90649447574163,42.70336331805158,
Cisp<400,54.965745031391776,32.21222376311957,43.91155475696654,43.7047986902922,32.61295136180711,
Cisp400+,55.55106905516771,31.654740874978536,43.2245851529187,44.20079677924736,31.889349539863353,
PlatNone,66.37197969990433,41.22253728131627,55.1297660111493,54.165049950036945,42.92618278621227,
Plat<400,56.00188168643106,32.798312317664866,44.6609064798505,44.30692317552217,32.97221186313202,
Plat400+,54.76938298071952,32.05680778320408,43.54465627398439,43.44675852097786,32.22399442153641,
ChestNone,70.49707962577054,45.44809809112507,60.16880572483147,57.640590582237344,47.320401363249786,
Chest<10,63.064158718009814,38.41473842089913,52.20696983707572,51.33700634482803,40.50381672809576,
Chest10_19,59.060334650375815,35.82628135060786,48.53186560212039,46.8518385214847,36.38093827730208,
Chest20_29,60.68220269238264,34.38648264696501,47.036309317481795,48.43257564466691,34.79030110825913,
Chest30+,52.415345112536606,26.545230381333155,36.15854059035099,42.591288640309514,26.336513222726463,
HeartNone,70.43050239206383,45.38472352912488,60.09476994818364,57.57526741029475,47.25713541720191,
Heart<5,63.13858081816613,38.391759693279894,52.19726621249821,51.39562387276383,40.47814236349985,
Heart5_14,58.533823130499776,35.02529065595484,47.504536195619885,47.1867895060895,36.121859255339615,
Heart15_34,54.87888081070149,30.12502889620148,41.20690869361573,44.08862715493821,30.406743615157954,
Heart35+,54.64970401176511,26.006457240492225,35.29361111913558,43.64883713108592,24.29624275134964,
CRTNone,70.48315295210321,45.44145316676967,60.15772168803155,57.62689646188951,47.31164344685465,
CRT<20,62.06360648981922,36.17778954444349,49.22397875022103,50.23269358877399,37.3815152217627,
CRT20_29,66.04906509945224,41.386702618549606,55.8903103625765,54.87832146020943,44.68222172992188,
CRT30_49,51.02607675034674,29.89567546805288,40.45095010362199,42.10175944746543,31.538903841627302,
CRT50+,49.255829984067724,27.380165089276577,37.34214507867317,40.61019507782514,28.695746989189427,
OvaryNone,70.91143668430537,44.75965956029529,60.70207631353802,58.38422732583551,48.187014469194395,
Ovary<10,61.15512217465211,34.93620418307044,48.69663480719685,49.707052591518384,37.2457408502821,
Ovary10-19,59.28504142918699,35.22408382555814,48.64359859854798,47.924822258467685,37.337258612829594,
Ovary20+,58.60893611191884,32.75907599061326,45.6973134876196,47.86821681857805,34.956594194278836,
AbdPelNone,70.50160698625508,45.448199902858384,60.1752394826994,57.647007139760895,47.32037905665129,
AbdPel<15,62.259582041326794,37.149656360813694,50.498113244509945,50.53051099433476,38.767306412065324,
AbdPel15_24,59.77740936286077,36.203276134135976,49.05108981405013,47.80684275168131,37.14547648219092,
AbdPel25_34,56.08341641500736,32.4065548148796,43.946502302647104,45.84965540491752,33.66308073766698,
AbdPel35+,51.9566649848635,27.054069376418717,36.801236826898744,42.64087300598134,27.473493295289188,
MaxRTNone,70.3534465754529,45.34001820777981,60.03274341725163,57.51945753904185,47.2130512691296,
MaxRT<20,68.04546076518567,42.6502001011048,57.92327274493613,55.34452272173192,45.235872915694216,
MaxRT20_29,65.00968796346531,39.508183220945895,53.566609297568526,52.799552756472295,41.357652929063015,
MaxRT30+,53.17918734247075,28.90886479442717,39.42242494808064,43.1553124794581,29.388734027853015,
ALL_70,66.71675073912922,42.4789375069108,57.10824535620985,56.26631050943011,46.657805126510816,
AML_70,61.869543707199284,37.15934710653883,49.42415774250821,52.48321141043778,40.03782544574671,
OtherLeukemia_70,51.95301488925079,30.549101786529608,40.57412085649293,44.36947539167469,32.99058135891681,
Astrocytoma_70,53.36440286568188,30.70263052076908,41.368422379577844,46.114918239943776,34.11893775383972,
Medulloblastoma_70,47.24474421949633,26.75130637596698,36.168393437862406,41.396270615701674,30.31991983406773,
Other CNS_70,56.41702511867157,31.48769985821061,42.23376960751252,49.50137470751764,35.31811919635856,
HL_70,55.85412603965096,27.909587981949755,37.71370220876998,45.55747279161428,27.4170489607333,
NHL_70,66.55823137087268,38.70001127535474,52.26141616475625,53.46895212886742,39.172136922751,
Kidney_70,66.21984659458985,44.08925855990052,59.03335076204058,53.865065335366474,46.678569502817254,
NBL_70,66.21575752437238,45.270867981894455,60.70831199831413,52.33267606869655,46.825230542638174,
STS_70,64.0635381282713,37.76170396179419,51.34598409519123,51.4940504895003,38.77649645642026,
Ewings_70,59.464563812312385,31.0110851447924,44.18605907534882,47.351714843282416,32.07321010631889,
Osteosarcoma_70,68.78516690003158,36.53359283185799,51.02418052371504,54.96141257516003,37.2004261988435,
OtherBoneTumor_70,74.58105136791072,40.438616987630596,55.949958534264184,63.32974854820452,44.698655714557994,
ALL_80,72.35888976260004,47.37117846177322,63.117994635023805,60.33342536008479,51.09253023250889,
AML_80,64.83714059296504,40.41150766294037,53.54838911530038,53.908410633249524,42.61965915558482,
OtherLeukemia_80,59.28523271968909,34.926538367635985,46.2903239687806,50.033287798021085,37.03837904711258,
Astrocytoma_80,58.77360864196416,35.210325362612004,47.55518266516183,49.67467804404016,38.456252067237806,
Medulloblastoma_80,47.02474218219203,26.556954523808244,35.956398422567645,40.398552032256674,29.330208272632383,
Other CNS_80,56.019917744318754,32.41172449946615,43.89046367767567,47.04815772254029,34.91870365589723,
HL_80,63.19517243910933,33.18986253649792,45.25191831513136,49.42778935792032,31.484535233942385,
NHL_80,71.55851162224366,42.85747312234586,57.7808789412525,55.66208025608167,41.88444757509064,
Kidney_80,68.55877766812075,45.95880372827914,61.4138376677567,53.874702486090015,46.72976248572596,
NBL_80,66.76724959211572,46.19661692899159,61.48745699335119,52.13784592167179,46.85805332290739,
STS_80,63.79343556778185,37.814567151926774,51.62642218675753,50.00461365798024,37.83760027695592,
Ewings_80,60.45720241541194,31.25708723779226,44.45035839382335,47.06056818452746,31.053724162938828,
Osteosarcoma_80,69.28678376371346,36.85750558194044,51.543219541610924,54.85402453601381,37.11046031391136,
OtherBoneTumor_80,69.88091638623303,37.12344807258869,51.70629084128195,57.808911818374995,39.63428627342392,
ALL_90,76.1209927773614,50.31795956748696,66.84243560738359,62.7673780471853,53.48882087720742,
AML_90,67.11899358802901,42.518993587218645,56.44827223731247,54.057837872815604,43.387116522098964,
OtherLeukemia_90,64.45765558942541,38.039631712259,50.73792598779066,53.375244797843514,39.655515196208725,
Astrocytoma_90,65.61294976572806,39.99605031111535,54.080504324218204,54.98389336921169,43.451447927701984,
Medulloblastoma_90,50.58683871994107,28.953958368480034,39.41726474352467,42.33521728356408,31.165643307147608,
Other CNS_90,56.988317644801185,34.11226429267744,45.807330503946325,47.69319835359498,36.512211212740084,
HL_90,70.08888517842095,38.05425864458075,52.41642128987473,53.53861231259303,35.86614842404676,
NHL_90,74.87373529383466,45.59942796760313,61.0363942431171,58.30323316475617,44.46589211403877,
Kidney_90,69.57314770494835,46.537511391786715,62.42461037366077,54.387153541705224,47.2386162104176,
NBL_90,64.58295949811249,44.21975193258105,58.78894273588489,49.893948940870914,44.09993217864336,
STS_90,64.92756351455223,39.97256623438533,54.54685199684769,50.74960109061682,40.36888957291226,
Ewings_90,63.30085777910439,33.76129946998159,48.03023301176822,48.19905074185685,32.92842597452059,
Osteosarcoma_90,67.48164839770163,36.24710150868382,50.58763515350968,52.61867979314802,35.7246665489561,
OtherBoneTumor_90,65.19327050684242,35.96283603336755,50.89734891516819,50.265309991769385,35.96938840009518,
brain_70,51.22336180815392,29.12878450165958,39.10708019717417,44.59251582401949,32.476234213039746,
bone_70,64.31671837324882,33.80909700967302,47.39114473399481,51.62406654654393,34.698492907289875,
sts_70,64.0635381282713,37.76170396179419,51.34598409519123,51.4940504895003,38.77649645642026,
solid_70,65.31674680719996,43.939073808268475,58.89967095179442,52.36377073483575,45.94669487943028,
leuk_70,65.25123186533463,41.30046633003263,55.38840646582634,55.000668786014465,45.137843386506034,
lymp_70,58.18430916551757,30.516611099717306,41.186010718210966,47.42827599943063,30.429977552124107,
brain_80,54.031549723138895,31.670256261542864,42.70521838155121,46.0395858620091,34.71325452042125,
bone_80,64.88124968462354,34.01806762003022,47.75173249696112,51.399483397577775,34.269966209915374,
sts_80,63.79343556778185,37.814567151926774,51.62642218675753,50.00461365798024,37.83760027695592,
solid_80,66.88337196534553,45.307061315201935,60.542320082187324,52.198067614087634,45.857015730929334,
leuk_80,70.78375226600483,45.98830175321227,61.267383814912854,58.85001712663961,49.33364867554782,
lymp_80,65.90020829887771,36.777398134616455,49.75027663919512,51.56890040493769,35.41896874525519,
brain_90,58.212616988224546,34.74139006950062,46.83595121437086,49.35560274375237,37.978936969898584,
bone_90,64.35478840191416,34.27629965695405,48.22419765888994,50.059794071378,33.929203328353836,
sts_90,64.92756351455223,39.97256623438533,54.54685199684769,50.74960109061682,40.36888957291226,
solid_90,66.2021794262256,44.68908392837979,59.73395623947333,51.12795040491802,44.65972721816571,
leuk_90,74.46291078312181,48.94334994602402,64.9592518809275,61.353334930489915,51.84967602829561,
lymp_90,71.25843827983037,40.884375863416686,55.34180101141637,55.207634045964454,39.29099677755045,
SurgOnly_NoTrt,67.80383050294495,43.00953829701082,56.92379629112339,57.91199256654528,47.034047700323356,
ChemoOnly,71.3807130650047,46.20132242161922,61.18809789903372,58.18142362651861,47.98968922614869,
RadOnly,55.21105862688016,30.15035202172789,40.74696373506512,45.68656254924126,31.240114030387147,
ChemoRad,60.649800688434816,35.96559429229517,48.894083050725115,49.126579226328325,37.361562414367135,
NoChemoRT,67.80383050294495,43.00953829701082,56.92379629112339,57.91199256654528,47.034047700323356,
AnyChemoRT,64.95681269685795,40.04014573248236,53.68209214022658,52.73937264344842,41.464009678238845,
NoChemo,61.549502144454,36.684438973904484,48.962242879300256,51.87992743311573,39.29470523592621,
AnyChemo,65.88149399818445,40.98802753342707,54.89006710210549,53.468596740548215,42.47858612526355,
NoRad,70.67876568931814,45.58070648234241,60.37472380094874,57.806763137545005,47.49357354270511,
AnyRad,59.70038129535364,34.99228205911835,47.531976589437264,48.455812462426,36.29076061650124,
SurgOnly_NoTrt_70,66.36933648456558,40.53461737248161,53.714179484678205,56.739586071510715,44.03918130520183,
ChemoOnly_70,66.45547310679486,41.10059029458757,54.59749648153608,54.49172499258296,42.63792764181606,
RadOnly_70,55.03923214153501,29.57457842557309,39.77704312928636,46.431501433555695,31.155231959777577,
ChemoRad_70,59.79958533825556,35.548284053355914,48.10716167482364,49.60825978845164,37.9270364348837,
SurgOnly_NoTrt_80,67.89511742190861,43.26065896760938,57.164528375022876,57.73284832975469,47.04733418000629,
ChemoOnly_80,70.58284453380976,45.616893952078826,60.4014339270344,57.67421480392802,47.49215888214851,
RadOnly_80,56.25423128920769,31.14509831757,42.14569927154282,46.39815596281366,32.3074999312914,
ChemoRad_80,61.378936701409444,36.65169192321008,49.80212724126925,49.69036888128019,38.11551737743797,
SurgOnly_NoTrt_90,69.14666890319405,44.31537336149553,58.750223064048626,58.9768953265733,48.570072689698854,
ChemoOnly_90,72.79920622917251,47.47102279712267,62.856998477689,59.26943573457773,49.330642637476686,
RadOnly_90,55.49459476082193,30.732585157537752,42.02651530012869,44.81015608091256,31.3586224298781,
ChemoRad_90,60.79360159478578,35.79827608246458,48.76927941990919,48.56325281187207,36.53893242840403,
NoChemoRT_70,66.36933648456558,40.53461737248161,53.714179484678205,56.739586071510715,44.03918130520183,
AnyChemoRT_70,59.9969078084076,35.433811823871885,47.70937034091801,49.730369295188524,37.445048433158554,
NoChemoRT_80,67.89511742190861,43.26065896760938,57.164528375022876,57.73284832975469,47.04733418000629,
AnyChemoRT_80,64.44552142924671,39.66086939355351,53.190460930057164,52.374714891577284,41.1192854911848,
NoChemoRT_90,69.14666890319405,44.31537336149553,58.750223064048626,58.9768953265733,48.570072689698854,
AnyChemoRT_90,67.7828550098897,42.62319638134221,56.97620619707317,54.74500258753178,43.93948738158808,
NoChemo_70,58.096428151663865,32.66411703004409,43.66556876138388,49.23696527955895,34.80397419052644,
AnyChemo_70,61.19910240002752,36.72454514757616,49.482059655666745,50.55185682871288,38.817274412364746,
NoChemo_80,61.260517848149405,36.48770216300952,48.716181065074075,51.38414458470253,38.84793870106047,
AnyChemo_80,65.44527726062924,40.63170681582782,54.502009598530705,53.12721035496652,42.17481744576337,
NoChemo_90,65.56257787024292,40.79819754663217,54.3922600874385,55.18948584992815,44.03233096403663,
AnyChemo_90,68.28429504373528,43.07809372488803,57.57182660940648,55.16743448801128,44.455199116781486,
NoRad_70,66.07395915355218,40.645541478567374,54.00904073767094,54.66540762247525,42.58463850656674,
AnyRad_70,58.61911975057775,34.16945797051814,46.22317643800644,48.76644145827766,36.376231766521286,
NoRad_80,69.99352368781946,45.07484826045189,59.708576296028326,57.4213637919387,47.138694049863474,
AnyRad_80,60.35403083107632,35.6048565159747,48.35953634789032,48.986519231506094,37.0120711701715,
NoRad_90,72.0771756203001,46.881678966367794,62.07306981985717,58.80280395588117,48.7984445624255,
AnyRad_90,60.19437625507814,35.273691528386145,48.039344120705316,48.03432950300014,35.887196427886145,
noRecur,68.91225231942413,43.20047705295825,57.80557221486103,56.14009856671304,45.03185023992948,
recur,42.09356443253545,22.313400152883236,30.04190904596572,34.631804420786096,22.635976108712384,
noRecur_70,65.4507398315179,39.637356383064116,53.40916617735806,54.10882624300636,42.0385151726212,
recur_70,38.68006674145164,18.801182782322698,25.319904993996204,32.882059330907,19.500942156469968,
noRecur_80,68.69785513746142,42.93914110331101,57.55929069321056,55.948730467577406,44.79696342199816,
recur_80,42.74255263722205,23.205524215191996,31.205971379990693,35.07257558266709,23.500013561648604,
noRecur_90,70.74078641211922,44.98889020288762,60.06806248844865,57.32366129874226,46.64015266147201,
recur_90,45.39801005797943,25.279950475577415,33.966638966671404,36.43403845487371,24.98464293150926,
Age0-4_70,61.99665146589486,42.009448831856496,55.936322341019434,51.154676366983814,45.09434724210843,
Age5-9_70,61.30428510884031,37.24022417533015,50.42110605213154,50.321731199334785,39.43855214262601,
Age10-14_70,60.8949644946708,32.76383072882876,44.774500254916575,50.36586093523847,34.24539669548426,
Age15-20_70,58.756133074707215,27.781899064942095,37.575663993713405,49.469768226901635,28.289299145907833,
Age0-4_80,65.28265385490084,44.64009227432103,59.17979928814689,53.13496398142915,47.03210941467529,
Age5-9_80,66.02312473114738,41.0359354967039,55.38895226264838,53.36161897057778,42.7274465020787,
Age10-14_80,64.5974784856073,35.45214961061185,48.51396298841087,52.55186949897752,36.46835400178109,
Age15-20_80,63.63314591783764,31.51915943099515,42.626843169837464,52.45577033395942,31.449467585959248,
Age0-4_90,68.26514254347556,47.002112051826366,62.12768235945317,55.18145388745302,49.043993703430694,
Age5-9_90,68.81062568308431,43.27450543980046,58.117190010354705,55.450425382228794,44.75698970949922,
Age10-14_90,67.61891022390506,37.81078922738516,51.58086719863233,54.75299445948367,38.71495143421101,
Age15-20_90,66.84886356907117,34.15028194813521,46.16545587436791,54.63547115908255,33.95206346437947,
Male_70,59.249085108944406,35.63430502885495,46.95254012006963,49.44512204800638,37.14857705913147,
Female_70,62.0017048227564,36.07508664384929,49.666410457435404,51.36582476888416,39.03053040356327,
Male_80,64.0376896419104,40.11081916306306,52.753128573727274,52.26964491230286,40.98508384411984,
Female_80,65.68115976513987,39.77422751108052,54.55594718563378,53.73337579257205,42.60816321306608,
Male_90,67.52753935704257,43.22082858160021,56.72287589191828,54.74659121025797,43.94192774513376,
Female_90,68.35243685906323,42.09804851936525,57.63154644913219,55.75685015927209,45.035959749341124,
HL grp: Salvage,47.573434406015544,21.003782915862875,28.673822768907794,37.994631547819274,19.095019910711486,
HL grp: Extended,57.11392773113488,27.64369313133515,37.350688714284615,46.15432521252155,26.41522562867192,
HL grp: Chest RT>=35 plus chemo,60.052395532833714,29.948192018267395,41.10143021142995,47.34416644952161,28.44189682013632,
HL grp: Chest RT>=35 no chemo,59.919220359614535,30.439089837581392,41.11333506676017,48.496657823679556,29.71632240657081,
HL grp: Chest RT<35 plus chemo,69.88303566293456,37.76817567726787,52.56684369118972,53.39607574859971,36.08727204436608,
HL grp: Chemo without chest RT,75.32094375926125,44.12314164346452,59.41160169108546,58.134238798230655,42.201738919525766,
HL grp: Other,70.29705891298268,40.848881914608945,54.77669901306737,56.77723540331528,41.24755977280281,
HL AHOD: Contemporary,73.62985030016465,40.76248503183085,56.46292662788929,56.4365604284277,39.24602195368238,
HL AHOD: High Chest RT,55.503524205552694,26.650835309793752,36.1385768189236,44.525240182085675,25.188723559881574,
HL AHOD: Other,68.62738569928727,38.01732209772442,51.993505699877026,53.07680080472681,36.450760689630066,
HL grp 2: Salvage,47.573434406015544,21.003782915862875,28.673822768907794,37.994631547819274,19.095019910711486,
HL grp 2: Extended,57.11392773113488,27.64369313133515,37.350688714284615,46.15432521252155,26.41522562867192,
HL grp 2: Chest RT>=35,59.73760433401894,29.90865894744917,40.843100531051086,47.41246394980564,28.529195010581745,
HL grp 2: [empty],NaN,NaN,NaN,NaN,NaN,
HL grp 2: Chest RT<35 plus chemo,69.88303566293456,37.76817567726787,52.56684369118972,53.39607574859971,36.08727204436608,
HL grp 2: Chemo without chest RT,75.32094375926125,44.12314164346452,59.41160169108546,58.134238798230655,42.201738919525766,
HL grp 2: Other,70.29705891298268,40.848881914608945,54.77669901306737,56.77723540331528,41.24755977280281,
HL AHOD2: Contemporary with RT,73.06952752758998,39.56647047904543,55.418947421210945,56.259290268791204,38.61160005701716,
HL AHOD2: Contemporary without RT,77.33584513553579,44.92771940111237,61.148850022355134,59.52338987671175,43.33856829192342,
HL AHOD2: High Chest RT,55.503524205552694,26.650835309793752,36.1385768189236,44.525240182085675,25.188723559881574,
HL AHOD2: Other,68.62738569928727,38.01732209772442,51.993505699877026,53.07680080472681,36.450760689630066,
AnyRad_ALL,68.98217729981131,43.57931373916251,58.88813393794489,57.516620143414954,47.41881360466727,
AnyRad_AML,60.075972185783826,35.64379790263995,48.29373563018271,48.35888986088331,36.614143824495684,
AnyRad_OtherLeukemia,57.25917013328013,32.67492227304788,44.10327735787647,47.65423553733467,34.45987305607437,
AnyRad_Astrocytoma,52.315535544910425,29.58250909592526,40.503080255171874,42.86000741285734,31.080699754321877,
AnyRad_Medulloblastoma,48.17288577617455,26.964192455794002,36.79983353314094,40.48138812408678,29.107857532294943,
AnyRad_Other CNS,54.561990049388896,30.924859996808145,42.63693367131492,43.17177371168812,31.213805842536374,
AnyRad_HL,60.9657223554257,31.278902273713378,42.8349637696403,48.19327377823188,30.061196985686372,
AnyRad_NHL,67.18693560794662,38.6261262710396,52.81022212719095,52.99239600997218,38.620272202846145,
AnyRad_Kidney,65.88910967628155,42.66048400402126,58.13021289544502,51.109133920941595,43.34623747593227,
AnyRad_NBL,58.36269043891001,38.25682656893494,52.01050895036218,45.57496316416872,39.228367933306444,
AnyRad_STS,60.99641198363209,35.93997682181154,49.49243601644074,48.15319461410833,36.636198998049785,
AnyRad_Ewings,56.537467346793385,28.33461490000667,40.79486261275675,44.117513429379024,28.381857028510044,
AnyRad_Osteosarcoma,61.16281156789562,30.65519629929373,43.552823627044006,48.605003314071496,30.995015373219854,
AnyRad_OtherBoneTumor,61.48008303225139,32.49805610244924,46.560712819502164,48.19945950922456,33.28008929647533,
ChemoOnly_ALL,76.41576109125083,51.258258926883265,67.64326896992584,63.218247749718685,54.45799798853267,
ChemoOnly_AML,67.83454309451166,43.37381919081899,57.012083178598765,56.60287207777981,45.78970773568071,
ChemoOnly_OtherLeukemia,63.77778907761479,38.82362256546639,50.952354097025726,52.76622045346658,39.89437944210109,
ChemoOnly_Astrocytoma,66.66307618871157,43.26100345659869,57.92574098396784,55.605117999742646,46.935859655436076,
ChemoOnly_Medulloblastoma,60.94172745558899,40.77606286624378,53.999525309330664,54.228970310273446,47.28676816401513,
ChemoOnly_Other CNS,62.56775432979647,40.634100663663375,53.79632617669576,53.90598270298171,45.07087317009466,
ChemoOnly_HL,74.134252034405,42.9078725852598,57.463868730538344,57.28188755624908,40.64015425312807,
ChemoOnly_NHL,75.19743873929498,46.30395731158136,61.63188493951723,58.767138038342196,45.19794205420653,
ChemoOnly_Kidney,72.01493502612213,49.849288702273824,65.51779797321824,58.42621602299156,51.928589776326795,
ChemoOnly_NBL,67.80161359992196,47.32414789512122,62.97779808423592,50.96161440991654,46.14792775945427,
ChemoOnly_STS,70.6487752215066,44.43876570155114,59.38915916663587,55.327818018789316,44.11259406154371,
ChemoOnly_Ewings,71.52516698913092,40.24342219652445,56.442683486104656,54.44957538471544,39.34264704882534,
ChemoOnly_Osteosarcoma,68.77974762758741,36.85487722284157,51.494121351419786,53.96788843356727,36.68226215739961,
ChemoOnly_OtherBoneTumor,72.25545168678747,41.19505864859532,57.709809646116554,56.600333623977356,42.05469158330646,
SurgOnly_NoTrt_ALL,85.49127909005873,59.25203246756888,79.08763358736998,75.96068512370289,69.55703962101416,
SurgOnly_NoTrt_AML,78.24434480505111,52.78376403931939,69.07784956876061,68.1930387124227,59.02654347613219,
SurgOnly_NoTrt_OtherLeukemia,66.82224035474587,44.96081170649305,57.76913255004814,58.452414889251116,49.468907243744646,
SurgOnly_NoTrt_Astrocytoma,69.5283274584413,43.021289637555725,57.64899347961887,60.618397183179326,48.7385466715382,
SurgOnly_NoTrt_Medulloblastoma,65.28884782498406,38.869218296878586,51.78875144826388,57.54432247994573,44.044226103225554,
SurgOnly_NoTrt_Other CNS,67.15346731181297,41.565739114309594,54.80452999994193,58.890383137722765,46.56705419519587,
SurgOnly_NoTrt_HL,83.10800530639501,54.20647605951703,72.57847862807289,64.95566775220962,54.45293405826534,
SurgOnly_NoTrt_NHL,77.11670002016527,48.545474930021456,63.08677210258599,63.280905900140915,49.25241474398849,
SurgOnly_NoTrt_Kidney,74.26489884629746,53.455111089912975,69.49800964478622,60.744961163464446,55.978071961953205,
SurgOnly_NoTrt_NBL,72.59027933755479,51.171424653363026,67.15566983382747,58.288446396409455,52.854999107731935,
SurgOnly_NoTrt_STS,71.56828810074255,41.66941243226957,55.57845672503744,59.587470017535665,43.67473121035199,
SurgOnly_NoTrt_Ewings,85.60597638478035,51.26113658207066,71.72721442023254,71.3787619645478,57.50000000000001,
SurgOnly_NoTrt_Osteosarcoma,74.1252903140704,39.75919913825734,55.21787726969138,61.65039463092218,42.7429815865432,
SurgOnly_NoTrt_OtherBoneTumor,75.01049780779108,40.59899141335861,55.77148899577067,63.59790588357907,44.35889707155865,
AnyRad_brain,48.60555417036626,27.17626770063161,36.92836095192789,40.69423888731945,29.02664032011719,
AnyRad_bone,56.13931123047036,28.036975764653985,40.14429993024854,44.29633950082629,28.301561913938865,
AnyRad_sts,60.99641198363209,35.93997682181154,49.49243601644074,48.15319461410833,36.636198998049785,
AnyRad_solid,61.996859876144406,40.223188442790274,54.75446941437132,48.41411085191073,41.17098741294329,
AnyRad_leuk,67.35184408876208,42.19515068942207,57.014660068467094,55.94892636613073,45.612276529585415,
AnyRad_lymp,61.73873347274616,32.591676780697505,44.52564045067726,48.99064587408932,31.786653078317748,
ChemoOnly_brain,63.23005159937575,41.129713607917594,54.76572123563563,53.33598909658417,44.90954543930438,
ChemoOnly_bone,68.38514114615081,36.96794943029556,51.5535420216042,53.580360512146974,36.74118880699385,
ChemoOnly_sts,70.6487752215066,44.43876570155114,59.38915916663587,55.327818018789316,44.11259406154371,
ChemoOnly_solid,68.91980891839084,47.80306744071472,63.08867111393675,54.47053039934593,48.65226964176517,
ChemoOnly_leuk,74.79114898080965,49.929857597982846,65.7565492545007,61.957062879900555,52.92815335756123,
ChemoOnly_lymp,74.14416877422613,44.8444283639465,59.772384005768394,57.82513596229932,43.45010045666588,
SurgOnly_NoTrt_brain,67.6611418470633,41.73614213240975,55.688395050071705,59.15067076328056,47.16716560213069,
SurgOnly_NoTrt_bone,72.97110081351315,39.16001433189833,54.06911742556856,60.92240806747965,42.044262577001575,
SurgOnly_NoTrt_sts,71.56828810074255,41.66941243226957,55.57845672503744,59.587470017535665,43.67473121035199,
SurgOnly_NoTrt_solid,72.4256998756655,51.05620130127762,67.02402283299024,58.085145530908555,52.69526075016542,
SurgOnly_NoTrt_leuk,70.77795796219954,48.074060914136034,62.359178509025455,61.948892501743856,53.783706765620835,
SurgOnly_NoTrt_lymp,76.57000442584138,48.50271159888689,63.46917620605804,61.79170626924575,48.69564403550435,
AnyRad_ALL_70,66.50539799159445,42.131759014245716,56.86725043348797,56.04750648376392,46.41941240496967,
AnyRad_AML_70,60.051959473577675,34.16002898203687,46.239919822965156,50.34409918376575,36.62871260737617,
AnyRad_OtherLeukemia_70,49.34481640629983,29.5946506232407,39.42034638085745,41.954913878757786,32.30543591494743,
AnyRad_Astrocytoma_70,49.305485720616495,27.44938784676319,37.281028980668644,42.13796810348696,30.14059978738376,
AnyRad_Medulloblastoma_70,47.17866698647183,26.651686116611355,36.06461719390699,41.32252076595744,30.208470973392583,
AnyRad_Other CNS_70,55.579036361983974,30.392812722031767,41.48101130563324,47.60684900689753,33.5088239505468,
AnyRad_HL_70,55.18439941833899,27.32122043462102,36.98897360825944,45.18825776063028,26.99283195055071,
AnyRad_NHL_70,65.07795570683611,37.24780351880798,50.622978293679274,52.74951556705315,38.299381331688835,
AnyRad_Kidney_70,65.1643414100753,42.68482104345928,57.59304480838924,52.893530121176326,45.31018259942228,
AnyRad_NBL_70,64.26449338850207,42.93782616004661,58.33993021792498,51.19986899830968,45.2753058277326,
AnyRad_STS_70,61.45014578495067,35.913213196463104,49.35195185289521,49.62385698862763,37.5284915563346,
AnyRad_Ewings_70,58.51466146193436,29.916088223846668,43.079194779104824,46.365478560922604,30.93001187809312,
AnyRad_Osteosarcoma_70,63.91117843110596,32.782733117869256,46.56784052398496,50.55226202260141,33.135628818418716,
AnyRad_OtherBoneTumor_70,76.05902862958041,40.03431870498849,57.44631713990711,64.70859103735111,46.09587954767778,
ChemoOnly_ALL_70,69.37444798908153,45.67706360090862,59.86034476009825,59.05111000091532,49.541702687361905,
ChemoOnly_AML_70,64.88053312974644,40.790603897762516,53.45156954618988,55.852451213707994,44.35686203535969,
ChemoOnly_OtherLeukemia_70,59.65549713037639,34.49313014190218,45.212946557820764,50.65649281257477,36.36922649868558,
ChemoOnly_Astrocytoma_70,72.52463297283339,47.685652791497624,62.72984092320246,64.7686157212485,54.97382367161757,
ChemoOnly_Medulloblastoma_70,NaN,NaN,NaN,NaN,NaN,
ChemoOnly_Other CNS_70,NaN,NaN,NaN,NaN,NaN,
ChemoOnly_HL_70,72.24904834436292,41.05704144139582,54.998436304157686,56.034959370617294,38.730762751835876,
ChemoOnly_NHL_70,73.74938727783253,45.511398056083145,60.201106398546045,58.620569069521025,45.07228819023453,
ChemoOnly_Kidney_70,71.81007691392617,50.28989677531246,65.89563563653523,59.23292474965608,53.318483472265164,
ChemoOnly_NBL_70,69.8441684827366,49.189319756861885,65.40661102247566,54.04383945279528,49.57907704445682,
ChemoOnly_STS_70,70.15841553841601,43.13889905746086,57.90827745528278,55.40368442585204,43.22047885417781,
ChemoOnly_Ewings_70,74.29594061889942,43.10147859937298,59.95758121684418,58.225237321699694,44.06353375452391,
ChemoOnly_Osteosarcoma_70,70.3860802160013,38.01898335353073,52.78369971283127,56.35895206131661,38.75065688693232,
ChemoOnly_OtherBoneTumor_70,86.78899553079933,52.84665384276263,74.20979314722565,71.63180208562699,59.052599702053286,
SurgOnly_NoTrt_ALL_70,92.49999999999999,62.752499999999976,84.5,85.5,77.5,
SurgOnly_NoTrt_AML_70,84.5,58.331999999999994,77.5,77.5,70.5,
SurgOnly_NoTrt_OtherLeukemia_70,65.66246590047298,45.941180661319144,58.12165525818973,57.43649339058814,50.0043139945928,
SurgOnly_NoTrt_Astrocytoma_70,65.15560334413672,40.14952936012978,53.11556913809692,58.14937149431767,45.97775707013973,
SurgOnly_NoTrt_Medulloblastoma_70,68.57489055855476,45.58824243216342,58.775506774582794,62.30593827756445,52.506554493592496,
SurgOnly_NoTrt_Other CNS_70,68.31912130496502,40.88680296135546,53.913314277373,61.18769170074945,46.708255196571514,
SurgOnly_NoTrt_HL_70,87.49999999999999,54.85725719169856,74.5,70.0049637886007,57.13721839186748,
SurgOnly_NoTrt_NHL_70,81.90149856817565,50.59619817795623,65.86425813539407,66.298254359739,50.26101392695742,
SurgOnly_NoTrt_Kidney_70,78.58567799661611,55.26878382268538,71.97443388045993,65.32413933557875,58.71289521942257,
SurgOnly_NoTrt_NBL_70,72.6151313312337,51.202500578709355,67.2895984709912,59.243731404725615,53.91760459258098,
SurgOnly_NoTrt_STS_70,71.26883281915383,41.73140095987326,55.62402379334306,59.46760630149378,43.80072700316655,
SurgOnly_NoTrt_Ewings_70,85.60597638478035,51.26113658207066,71.72721442023254,71.3787619645478,57.50000000000001,
SurgOnly_NoTrt_Osteosarcoma_70,76.95273231669404,41.150453010670034,57.387526572074584,64.36295065407052,44.79563926362827,
SurgOnly_NoTrt_OtherBoneTumor_70,77.63333848385417,41.97291565018455,58.10463478728417,66.30350486215468,46.77480116558471,
AnyRad_ALL_80,69.36353177970756,43.96498399773186,59.4838292016417,57.95475129315376,48.09283887062843,
AnyRad_AML_80,62.322858642795,37.40094965789147,50.610740066551024,50.92989061095525,39.258127307898945,
AnyRad_OtherLeukemia_80,59.5684344306439,34.183753799226274,46.02131851085957,50.64903681270111,37.10192089291681,
AnyRad_Astrocytoma_80,53.04785533775012,30.447241698051293,41.64586959777305,43.29793743823304,31.90306171456234,
AnyRad_Medulloblastoma_80,46.74608901676481,26.163578108807407,35.5184270644012,39.904727848619245,28.666699710228478,
AnyRad_Other CNS_80,56.07763886424633,31.602297269113027,43.535727971700354,45.296454490310914,32.754543597764936,
AnyRad_HL_80,61.88124566336281,31.96930957641487,43.72376314336719,48.63630024455616,30.48295875188678,
AnyRad_NHL_80,68.6973227245424,39.93966610420295,54.61622771305513,53.63286838965582,39.547643337211184,
AnyRad_Kidney_80,66.46435345629993,42.859397236420094,58.57615214125004,50.64172533474906,42.76520834601001,
AnyRad_NBL_80,60.87465844299843,40.27645735833497,54.91806994981908,47.4058357518791,41.43056416391383,
AnyRad_STS_80,60.926723502648784,35.80821102825254,49.304031909118756,47.39078601259009,35.742841713315485,
AnyRad_Ewings_80,56.870267342510225,28.43478927058862,40.773584110850074,44.64520439583905,28.548521164178943,
AnyRad_Osteosarcoma_80,67.1322668839727,34.22207882981859,48.51818097290054,54.19774077414352,35.58365486307133,
AnyRad_OtherBoneTumor_80,66.71529034226046,36.51913025057664,53.57042518859223,53.310869929043704,40.166004775375484,
ChemoOnly_ALL_80,75.93335675729556,51.09881561012341,67.31902897818833,63.04137065737362,54.42075701177333,
ChemoOnly_AML_80,67.40049498792288,42.8812160332439,56.49540716011526,57.059418296585505,46.14599545732622,
ChemoOnly_OtherLeukemia_80,61.54493161771867,37.72714429602136,49.39048614777066,51.9860070452447,39.8315615752967,
ChemoOnly_Astrocytoma_80,65.77614884012443,44.805899631562504,59.142007876453704,56.657960245442254,50.03008213635154,
ChemoOnly_Medulloblastoma_80,62.88334628770265,42.82915720819699,56.860840679338025,56.07831778278493,49.83865806647842,
ChemoOnly_Other CNS_80,63.92566934757811,40.839863674898844,53.788236327923144,56.3765474276066,46.239114407951625,
ChemoOnly_HL_80,74.42842646223482,43.317382164734575,57.93254759098232,57.19642643303324,40.6769863777986,
ChemoOnly_NHL_80,74.62205930027017,45.9326064118155,61.12946065479708,58.39490398528376,44.87939782395799,
ChemoOnly_Kidney_80,71.84519366755177,49.75896517211392,65.37645193638109,58.14323745404917,51.68500968130897,
ChemoOnly_NBL_80,68.65220851759747,47.84563743506149,63.78500311818323,51.77709187704069,46.9196196436092,
ChemoOnly_STS_80,71.3346747848728,44.65921283677793,59.835808089709595,55.71273836195636,44.227885981163624,
ChemoOnly_Ewings_80,72.16403821946032,40.18237318517858,56.44077840469892,55.530709075878754,39.77493852289235,
ChemoOnly_Osteosarcoma_80,69.9464929808239,37.38729823193785,52.36332886571395,55.0234230690083,37.44483090807931,
ChemoOnly_OtherBoneTumor_80,75.94105636951653,39.84348011345902,56.30076021423547,62.45033446162962,42.81003830634856,
SurgOnly_NoTrt_ALL_80,95.5,69.27799999999999,89.5,84.5,78.5,
SurgOnly_NoTrt_AML_80,89.5,48.942499999999995,66.5,80.49999999999999,57.5,
SurgOnly_NoTrt_OtherLeukemia_80,82.5,59.26649999999998,75.5,69.5,62.5,
SurgOnly_NoTrt_Astrocytoma_80,68.3896793931238,42.611828826907356,56.855990596681956,59.8653333625018,48.30487412284361,
SurgOnly_NoTrt_Medulloblastoma_80,84.5,44.34399999999999,60.5,77.5,53.5,
SurgOnly_NoTrt_Other CNS_80,66.91567566788206,42.34244959574964,55.65741885194748,59.152998857674476,47.89474204173991,
SurgOnly_NoTrt_HL_80,NaN,NaN,NaN,NaN,NaN,
SurgOnly_NoTrt_NHL_80,81.07833189967188,52.134780825343675,68.4670579063812,66.61617066027537,54.004896666984706,
SurgOnly_NoTrt_Kidney_80,77.6420961237242,55.39534396109228,73.03336212352211,64.09275453744073,59.484020537238635,
SurgOnly_NoTrt_NBL_80,72.7650235226573,51.53488241516646,67.68433295304196,58.752512699636505,53.65624903375744,
SurgOnly_NoTrt_STS_80,74.3990776861625,43.553363089332,58.0106335542257,61.62273692268375,45.23429279074694,
SurgOnly_NoTrt_Ewings_80,NaN,NaN,NaN,NaN,NaN,
SurgOnly_NoTrt_Osteosarcoma_80,74.64902155155562,40.50867411194149,56.03494572354009,61.783396471948194,43.16932064393267,
SurgOnly_NoTrt_OtherBoneTumor_80,77.18682013167722,41.71101637223033,56.73442493926529,65.85074457394742,45.3983493815355,
AnyRad_ALL_90,72.50128308600256,45.329538109060714,61.50848743743242,59.486658525474645,48.473131274255714,
AnyRad_AML_90,60.63435465687801,36.489533326968306,49.64126922915041,47.072210898536554,36.0769141876031,
AnyRad_OtherLeukemia_90,62.13079794662071,35.04680727435413,47.52889041709204,51.39216909767764,36.790261568149,
AnyRad_Astrocytoma_90,56.451658641771225,31.971935738516844,44.2649372089157,44.175740911896156,31.975032316148535,
AnyRad_Medulloblastoma_90,49.975244025680944,28.107181106078322,38.44513509683104,41.32108630085306,29.810774201213952,
AnyRad_Other CNS_90,53.700304477826215,30.999155289188188,42.881464953770774,41.12421475180889,30.333559258260532,
AnyRad_HL_90,68.6055484547928,36.532923005889415,50.585343787011986,52.67843628226445,34.64449569791892,
AnyRad_NHL_90,70.0027194926663,40.05848801728459,55.01710242800845,53.80687441395616,38.83470957593524,
AnyRad_Kidney_90,66.93735137138147,43.113648984024124,59.16189017025529,51.03194325899052,43.266358107650625,
AnyRad_NBL_90,52.638345008087974,33.37107256597621,45.58871271045465,40.858383782373224,33.808751484739915,
AnyRad_STS_90,62.360543259993726,37.583624104081096,51.80411776732992,48.685968351187135,38.148408412539496,
AnyRad_Ewings_90,56.99456311941382,28.625208627035697,41.36324425961071,43.912721332844505,28.285780432706314,
AnyRad_Osteosarcoma_90,57.174328483419956,28.610738434874865,40.765933044429254,45.230618728393296,28.728895677728232,
AnyRad_OtherBoneTumor_90,62.41276552482852,32.835420696436685,47.54100714574662,48.25807550839072,33.386317129308814,
ChemoOnly_ALL_90,77.27148477818254,51.92504856824554,68.48802671232022,64.08334532831546,55.300551827011674,
ChemoOnly_AML_90,69.65929141552341,44.73832413768042,59.03379514117303,57.3723094122104,46.746813137860066,
ChemoOnly_OtherLeukemia_90,69.11081779003094,43.02311999707423,56.44755237204716,56.880090477311356,44.19769884666718,
ChemoOnly_Astrocytoma_90,67.56551562964782,43.59338081664768,58.50740077254295,55.684625933953804,46.63960441892551,
ChemoOnly_Medulloblastoma_90,61.79107451463124,41.10104573100185,54.58119842708952,55.017108634832525,47.87779320381349,
ChemoOnly_Other CNS_90,63.11804290597924,41.26734765925797,54.52743941905691,54.65176174051773,46.02070590002879,
ChemoOnly_HL_90,75.92573969065491,44.06390160535089,59.27944377272567,58.59107611834674,41.97012590945796,
ChemoOnly_NHL_90,75.8775286172505,46.73729302143619,62.26236557717665,59.56270386077282,45.94586820100986,
ChemoOnly_Kidney_90,72.72327717398382,50.155932802610344,66.08334271258609,58.89634848743923,52.22794451882132,
ChemoOnly_NBL_90,67.86531333242796,47.259359634322244,63.003689263537545,50.82415969239492,45.96253562350453,
ChemoOnly_STS_90,73.51017569032076,47.56265429125742,63.50943874709915,57.48268006528185,47.46277896413883,
ChemoOnly_Ewings_90,72.8330838979591,41.18439672068448,57.99158630968168,55.13835569879605,40.29685811051866,
ChemoOnly_Osteosarcoma_90,68.11199456584073,36.737784705722,51.274202711597965,52.933999479219494,36.09620762497669,
ChemoOnly_OtherBoneTumor_90,74.01385361943139,43.2830140555116,60.37159260847547,57.88724264515531,44.244981634199384,
SurgOnly_NoTrt_ALL_90,89.5,62.06699999999998,83.5,81.5,75.5,
SurgOnly_NoTrt_AML_90,80.80028268075492,58.39842861599029,75.21446087155572,68.84320586721648,63.257384058017266,
SurgOnly_NoTrt_OtherLeukemia_90,88.5,52.390499999999996,71.5,81.5,64.5,
SurgOnly_NoTrt_Astrocytoma_90,71.67532008563722,44.48452133981757,59.63558483963916,61.96801781100708,49.933753290117785,
SurgOnly_NoTrt_Medulloblastoma_90,68.77961683170079,40.97944974219932,54.79549680977252,61.47542157329523,47.49130155136696,
SurgOnly_NoTrt_Other CNS_90,67.54288425122088,41.717628301526496,55.1304481156615,59.379507556491504,46.97456377092224,
SurgOnly_NoTrt_HL_90,86.79082973585334,58.01730619239911,78.95816594717067,67.60358081509735,59.95816594717067,
SurgOnly_NoTrt_NHL_90,86.09722690356382,53.64695929278547,70.75404948054499,69.22934768295868,53.88617025993987,
SurgOnly_NoTrt_Kidney_90,76.24251439738708,55.04359318779362,72.0031954187297,62.253065633394094,58.013746654736714,
SurgOnly_NoTrt_NBL_90,73.41478819715338,51.573077514331665,67.74072218155442,58.53833101508494,52.859213130837865,
SurgOnly_NoTrt_STS_90,NaN,NaN,NaN,NaN,NaN,
SurgOnly_NoTrt_Ewings_90,NaN,NaN,NaN,NaN,NaN,
SurgOnly_NoTrt_Osteosarcoma_90,79.63701090756237,44.08015183114716,61.26411805010077,65.96097642043283,47.58808356297123,
SurgOnly_NoTrt_OtherBoneTumor_90,82.69466514208969,51.47576957656203,70.34870684737726,69.86738588993606,57.52142759522364,
AnyRad_brain_70,47.73272773310838,26.339378429329575,35.65308288785884,41.29060191137783,29.224934080211064,
AnyRad_bone_70,58.58814286086512,29.751832626759054,42.55511806049754,46.76745244437566,30.725515576186588,
AnyRad_sts_70,61.45014578495067,35.913213196463104,49.35195185289521,49.62385698862763,37.5284915563346,
AnyRad_solid_70,63.81128893083075,42.06463846126609,56.89650007248607,51.338679402559414,44.423890544214636,
AnyRad_leuk_70,65.38555138287663,41.24220612857593,55.60716596096374,55.02943644748307,45.243809472395085,
AnyRad_lymp_70,57.01850774087071,29.424066191658177,39.80161864539347,46.74401854546727,29.528236911130946,
ChemoOnly_brain_70,72.52463297283339,47.685652791497624,62.72984092320246,64.7686157212485,54.97382367161757,
ChemoOnly_bone_70,70.00886551100784,37.986829550420204,52.718245262459966,55.8784413402173,38.589269397040454,
ChemoOnly_sts_70,70.15841553841601,43.13889905746086,57.90827745528278,55.40368442585204,43.22047885417781,
ChemoOnly_solid_70,69.36213794560962,48.75034840493168,64.09524959214495,55.97936641531484,50.6835782749556,
ChemoOnly_leuk_70,66.23465310119384,42.7697302337124,56.02446788254005,56.60765287838171,46.44860577447484,
ChemoOnly_lymp_70,71.36774316196292,42.44824198649089,56.36517605760805,56.34534999184883,41.37250517072544,
SurgOnly_NoTrt_brain_70,64.0002399517455,39.10557514701584,51.608223964626475,56.92786701161897,44.511366693412555,
SurgOnly_NoTrt_bone_70,74.82233184029502,40.20562521157185,55.53328633725411,62.96811686092518,43.800165543172525,
SurgOnly_NoTrt_sts_70,71.26883281915383,41.73140095987326,55.62402379334306,59.46760630149378,43.80072700316655,
SurgOnly_NoTrt_solid_70,72.01232764224817,50.856387298870644,66.59984871441355,59.04320120994072,53.6097965518078,
SurgOnly_NoTrt_leuk_70,67.4362801097427,46.78974311819428,60.14487537825976,59.6878160170011,52.167720511776416,
SurgOnly_NoTrt_lymp_70,79.46662914015764,49.151883241020194,63.75253380425671,64.12345281283993,48.56743760072923,
AnyRad_brain_80,49.17973067676704,27.6876392640569,37.648093095184485,41.029377486772255,29.484419331776476,
AnyRad_bone_80,57.165956947107325,28.560256019846634,40.82513139195109,45.251965333426455,28.909546856255353,
AnyRad_sts_80,60.926723502648784,35.80821102825254,49.304031909118756,47.39078601259009,35.742841713315485,
AnyRad_solid_80,63.460936415763804,41.22200718763699,56.18357174244267,48.87550086202135,41.60972105214558,
AnyRad_leuk_80,67.81581293172246,42.67017657342602,57.6942450592627,56.45669347723188,46.344672292205125,
AnyRad_lymp_80,62.986528443441195,33.71248724477751,46.04710544706422,49.5564245153747,32.62567695090594,
ChemoOnly_brain_80,62.20997613834258,41.689045073589895,55.19828398364743,53.745250097755275,46.805246085298556,
ChemoOnly_bone_80,69.1663986058368,37.158473992299356,51.882761999164465,54.520976602337115,37.23538702247437,
ChemoOnly_sts_80,71.3346747848728,44.65921283677793,59.835808089709595,55.71273836195636,44.227885981163624,
ChemoOnly_solid_80,68.92708450964025,47.76714962932859,63.03247182603083,54.902998268359575,49.005955594027434,
ChemoOnly_leuk_80,74.11847342739347,49.505653628413285,65.21025287736154,61.594006729452225,52.68561361617608,
ChemoOnly_lymp_80,73.64136165354913,44.62126370841911,59.36547753581401,57.25673323625507,42.99038137010219,
SurgOnly_NoTrt_brain_80,67.10692516488848,41.777858928530215,55.55704582903719,58.793813006818006,47.227398524732415,
SurgOnly_NoTrt_bone_80,73.61570343908387,39.55325170665531,54.48174495678324,61.340031299959556,42.20607281765893,
SurgOnly_NoTrt_sts_80,74.3990776861625,43.553363089332,58.0106335542257,61.62273692268375,45.23429279074694,
SurgOnly_NoTrt_solid_80,72.66601593594953,51.388233673410625,67.5926602075054,58.362278432530765,53.29494962182685,
SurgOnly_NoTrt_leuk_80,78.9442596473658,50.84506872074488,66.06728569362936,70.90564406529815,58.25857236461981,
SurgOnly_NoTrt_lymp_80,80.40902471450374,51.79401141106635,67.62618773405589,65.85250928526062,52.97807298460744,
AnyRad_brain_90,49.56817723209235,27.81136134808448,37.955127585985345,40.77967227471072,29.16297561944995,
AnyRad_bone_90,55.59433057746262,27.826670587888724,40.007298849428295,43.17482183720482,27.58779010917052,
AnyRad_sts_90,62.360543259993726,37.583624104081096,51.80411776732992,48.685968351187135,38.148408412539496,
AnyRad_solid_90,59.9360206776978,38.446548830260966,52.44181015024492,46.197829300101276,38.68590847485563,
AnyRad_leuk_90,69.77811431685792,43.315112786442214,58.563784068544535,56.987847264604554,45.78000481845937,
AnyRad_lymp_90,67.9231631668264,36.473906550800116,50.35221318186753,52.31009665655777,34.73763557555039,
ChemoOnly_brain_90,63.785883591837504,41.39795631367505,55.07901152033638,53.765610599459905,45.06225423337637,
ChemoOnly_bone_90,68.3186535037244,37.20058256000505,52.05202731900813,52.763179191964,36.496553007247726,
ChemoOnly_sts_90,73.51017569032076,47.56265429125742,63.50943874709915,57.48268006528185,47.46277896413883,
ChemoOnly_solid_90,69.39945816205064,47.91743290958122,63.47574392281219,54.32185815830101,48.41585308485062,
ChemoOnly_leuk_90,76.11471491450946,50.85401440074232,67.14096306266467,63.00454180317806,54.024114695385954,
ChemoOnly_lymp_90,75.0889635359034,45.60371656939719,60.72018156546131,58.73690712192193,44.38643636654234,
SurgOnly_NoTrt_brain_90,69.26060662203459,42.804020778994975,57.149686121390644,60.30597343027887,48.19950434072722,
SurgOnly_NoTrt_bone_90,78.15655264593804,43.73052722913202,60.61351690508602,64.64025122105492,47.09721548020291,
SurgOnly_NoTrt_sts_90,NaN,NaN,NaN,NaN,NaN,
SurgOnly_NoTrt_solid_90,73.10720237700471,51.495540287960324,67.5193448117924,58.32275848795572,52.7283059669178,
SurgOnly_NoTrt_leuk_90,79.28992176047909,55.10317336416622,72.33043613557317,69.35603151149087,62.39654588658495,
SurgOnly_NoTrt_lymp_90,83.0639932661441,53.79682801164413,71.50348456285397,64.82653281109674,53.137086377561,
NoRad_ALL_70,69.38224139507894,45.68816128152379,59.87676396567422,59.09254554859355,49.59079450597401,
NoRad_AML_70,65.04565205760592,40.863058744121275,53.592048639946576,55.888634218743576,44.55503536635109,
NoRad_OtherLeukemia_70,58.549221313069864,34.62893265214395,45.155540895326034,50.09538223752285,36.52967177853321,
NoRad_Astrocytoma_70,65.21908460027183,40.16174982057598,53.323157592074644,57.90037491186864,45.86837830412619,
NoRad_Medulloblastoma_70,68.57489055855476,45.58824243216342,58.775506774582794,62.30593827756445,52.506554493592496,
NoRad_Other CNS_70,68.31912130496502,40.88680296135546,53.913314277373,61.18769170074945,46.708255196571514,
NoRad_HL_70,72.28788386589207,41.23817575042948,55.1602991538196,55.98783151279308,38.8602468007206,
NoRad_NHL_70,73.38377173701764,45.0766640318137,59.758350519426926,58.45413851040464,44.77158818884844,
NoRad_Kidney_70,71.85603707996734,50.43365252255316,65.88016801447263,59.18328343133456,53.22810114466886,
NoRad_NBL_70,70.32059288555304,49.65948604136437,65.44839662178182,55.66777859273813,50.79558232896692,
NoRad_STS_70,69.75248980986252,41.7586284116907,55.94445553690764,56.3969556763162,42.5337012311178,
NoRad_Ewings_70,73.86745754336692,42.92619662747773,59.75191534093516,58.32388925013263,44.19854670867106,
NoRad_Osteosarcoma_70,70.56568279397189,37.97507712864961,52.726975250733986,56.74626404867347,38.90755650543548,
NoRad_OtherBoneTumor_70,76.93674950938042,42.14802431261542,58.30088639464824,65.1106988604636,46.47483574573142,
Rad_ALL_70,66.50539799159445,42.131759014245716,56.86725043348797,56.04750648376392,46.41941240496967,
Rad_AML_70,60.051959473577675,34.16002898203687,46.239919822965156,50.34409918376575,36.62871260737617,
Rad_OtherLeukemia_70,49.34481640629983,29.5946506232407,39.42034638085745,41.954913878757786,32.30543591494743,
Rad_Astrocytoma_70,49.305485720616495,27.44938784676319,37.281028980668644,42.13796810348696,30.14059978738376,
Rad_Medulloblastoma_70,47.17866698647183,26.651686116611355,36.06461719390699,41.32252076595744,30.208470973392583,
Rad_Other CNS_70,55.579036361983974,30.392812722031767,41.48101130563324,47.60684900689753,33.5088239505468,
Rad_HL_70,55.18439941833899,27.32122043462102,36.98897360825944,45.18825776063028,26.99283195055071,
Rad_NHL_70,65.07795570683611,37.24780351880798,50.622978293679274,52.74951556705315,38.299381331688835,
Rad_Kidney_70,65.1643414100753,42.68482104345928,57.59304480838924,52.893530121176326,45.31018259942228,
Rad_NBL_70,64.26449338850207,42.93782616004661,58.33993021792498,51.19986899830968,45.2753058277326,
Rad_STS_70,61.45014578495067,35.913213196463104,49.35195185289521,49.62385698862763,37.5284915563346,
Rad_Ewings_70,58.51466146193436,29.916088223846668,43.079194779104824,46.365478560922604,30.93001187809312,
Rad_Osteosarcoma_70,63.91117843110596,32.782733117869256,46.56784052398496,50.55226202260141,33.135628818418716,
Rad_OtherBoneTumor_70,76.05902862958041,40.03431870498849,57.44631713990711,64.70859103735111,46.09587954767778,
NoRad_ALL_80,75.93872432282893,51.09692615439624,67.32603459205434,63.02911205737642,54.40627510268552,
NoRad_AML_80,67.45063821894365,42.83687875086898,56.44009827134373,57.13836302438341,46.101426740066735,
NoRad_OtherLeukemia_80,61.555451066129834,38.139531505140575,49.5625932073787,51.95266317848085,40.006298003317916,
NoRad_Astrocytoma_80,67.50017542605647,42.454539000036135,56.543986017980245,59.086630136811195,48.15270306684624,
NoRad_Medulloblastoma_80,63.66194455595115,41.98573074641946,55.692398050298905,56.42715986061466,49.09087463361291,
NoRad_Other CNS_80,65.93060802422679,41.6877687421485,54.93320542338513,57.96286725644244,46.98308236960661,
NoRad_HL_80,74.35006677172093,43.24734306311041,57.81770183032877,57.25561093652187,40.72928224046,
NoRad_NHL_80,74.5287026492437,45.954118354746825,61.047352811282686,58.38788979338915,44.89762775366462,
NoRad_Kidney_80,71.90409075265659,49.923860835167474,65.48599089992246,58.17866383065692,51.76670348881444,
NoRad_NBL_80,70.07927972491416,49.25542629782897,65.09969759373188,54.42546749826074,49.44042722231842,
NoRad_STS_80,71.41040291822088,43.55393161853756,58.159449582727,56.987823248341414,43.748640659594315,
NoRad_Ewings_80,72.16403821946032,40.18237318517858,56.44077840469892,55.530709075878754,39.77493852289235,
NoRad_Osteosarcoma_80,70.01152549143193,37.413384403473806,52.334976575093805,55.296970748351406,37.62042183201342,
NoRad_OtherBoneTumor_80,74.1839692469119,39.26651013625152,53.90602425009146,62.6403279161987,42.36238291937824,
Rad_ALL_80,69.36353177970756,43.96498399773186,59.4838292016417,57.95475129315376,48.09283887062843,
Rad_AML_80,62.322858642795,37.40094965789147,50.610740066551024,50.92989061095525,39.258127307898945,
Rad_OtherLeukemia_80,59.5684344306439,34.183753799226274,46.02131851085957,50.64903681270111,37.10192089291681,
Rad_Astrocytoma_80,53.04785533775012,30.447241698051293,41.64586959777305,43.29793743823304,31.90306171456234,
Rad_Medulloblastoma_80,46.74608901676481,26.163578108807407,35.5184270644012,39.904727848619245,28.666699710228478,
Rad_Other CNS_80,56.07763886424633,31.602297269113027,43.535727971700354,45.296454490310914,32.754543597764936,
Rad_HL_80,61.88124566336281,31.96930957641487,43.72376314336719,48.63630024455616,30.48295875188678,
Rad_NHL_80,68.6973227245424,39.93966610420295,54.61622771305513,53.63286838965582,39.547643337211184,
Rad_Kidney_80,66.46435345629993,42.859397236420094,58.57615214125004,50.64172533474906,42.76520834601001,
Rad_NBL_80,60.87465844299843,40.27645735833497,54.91806994981908,47.4058357518791,41.43056416391383,
Rad_STS_80,60.926723502648784,35.80821102825254,49.304031909118756,47.39078601259009,35.742841713315485,
Rad_Ewings_80,56.870267342510225,28.43478927058862,40.773584110850074,44.64520439583905,28.548521164178943,
Rad_Osteosarcoma_80,67.1322668839727,34.22207882981859,48.51818097290054,54.19774077414352,35.58365486307133,
Rad_OtherBoneTumor_80,66.71529034226046,36.51913025057664,53.57042518859223,53.310869929043704,40.166004775375484,
NoRad_ALL_90,77.26086942916733,51.901764160274794,68.4900915893563,64.07947588777853,55.299031730285535,
NoRad_AML_90,69.71387775067986,44.83681795277366,59.156377638173566,57.42319077833991,46.865690665833625,
NoRad_OtherLeukemia_90,69.11699604010772,42.884126943913465,56.377119659660075,56.85684911874045,44.116972738292816,
NoRad_Astrocytoma_90,70.48612316733838,44.05452820555514,59.22058493058593,60.13714322566768,48.89127663238021,
NoRad_Medulloblastoma_90,61.17216950567706,40.38872147447338,53.472536792566245,54.759829829938326,47.058371459243766,
NoRad_Other CNS_90,66.22237987294635,41.40999577201477,54.6183493021096,57.99572260700597,46.38584939028659,
NoRad_HL_90,75.86569841249712,44.1427669284649,59.370863979792055,58.60657506026747,42.09980832534031,
NoRad_NHL_90,75.87648442219502,46.72390399194423,62.271373199180786,59.564985652665186,45.944422730039896,
NoRad_Kidney_90,72.73508007240605,50.30571145636384,66.19080398844656,58.992124763603016,52.422120745013636,
NoRad_NBL_90,70.45051178650189,49.263185471800476,65.17316359541208,54.114321907168524,48.84544848601261,
NoRad_STS_90,73.51017569032076,47.56265429125742,63.50943874709915,57.48268006528185,47.46277896413883,
NoRad_Ewings_90,72.8330838979591,41.18439672068448,57.99158630968168,55.13835569879605,40.29685811051866,
NoRad_Osteosarcoma_90,68.5285995246051,36.85473353933455,51.61838621567269,53.270542407950686,36.360329099018344,
NoRad_OtherBoneTumor_90,73.90988385122913,43.43243677900712,60.46029125312831,58.01511572967448,44.565523131573656,
Rad_ALL_90,72.50128308600256,45.329538109060714,61.50848743743242,59.486658525474645,48.473131274255714,
Rad_AML_90,60.63435465687801,36.489533326968306,49.64126922915041,47.072210898536554,36.0769141876031,
Rad_OtherLeukemia_90,62.13079794662071,35.04680727435413,47.52889041709204,51.39216909767764,36.790261568149,
Rad_Astrocytoma_90,56.451658641771225,31.971935738516844,44.2649372089157,44.175740911896156,31.975032316148535,
Rad_Medulloblastoma_90,49.975244025680944,28.107181106078322,38.44513509683104,41.32108630085306,29.810774201213952,
Rad_Other CNS_90,53.700304477826215,30.999155289188188,42.881464953770774,41.12421475180889,30.333559258260532,
Rad_HL_90,68.6055484547928,36.532923005889415,50.585343787011986,52.67843628226445,34.64449569791892,
Rad_NHL_90,70.0027194926663,40.05848801728459,55.01710242800845,53.80687441395616,38.83470957593524,
Rad_Kidney_90,66.93735137138147,43.113648984024124,59.16189017025529,51.03194325899052,43.266358107650625,
Rad_NBL_90,52.638345008087974,33.37107256597621,45.58871271045465,40.858383782373224,33.808751484739915,
Rad_STS_90,62.360543259993726,37.583624104081096,51.80411776732992,48.685968351187135,38.148408412539496,
Rad_Ewings_90,56.99456311941382,28.625208627035697,41.36324425961071,43.912721332844505,28.285780432706314,
Rad_Osteosarcoma_90,57.174328483419956,28.610738434874865,40.765933044429254,45.230618728393296,28.728895677728232,
Rad_OtherBoneTumor_90,62.41276552482852,32.835420696436685,47.54100714574662,48.25807550839072,33.386317129308814,
NoRad_brain_70,64.00068101577176,39.17481949554553,51.70033472160129,56.89444820990785,44.58380627090135,
NoRad_bone_70,70.06366892296472,37.82288207093899,52.48531229588306,56.499521472930425,38.89467184225461,
NoRad_sts_70,69.75248980986252,41.7586284116907,55.94445553690764,56.3969556763162,42.5337012311178,
NoRad_solid_70,69.49876408119103,48.86855451894103,64.16479008722025,56.00645747463667,50.67532772621473,
NoRad_leuk_70,66.05877689143917,42.64398668480604,55.879097013012085,56.516238650051775,46.38411076284295,
NoRad_lymp_70,71.23712730839989,42.4541807579457,56.270749516836005,56.16549153954111,41.16415387147458,
Rad_brain_70,47.73272773310838,26.339378429329575,35.65308288785884,41.29060191137783,29.224934080211064,
Rad_bone_70,58.58814286086512,29.751832626759054,42.55511806049754,46.76745244437566,30.725515576186588,
Rad_sts_70,61.45014578495067,35.913213196463104,49.35195185289521,49.62385698862763,37.5284915563346,
Rad_solid_70,63.81128893083075,42.06463846126609,56.89650007248607,51.338679402559414,44.423890544214636,
Rad_leuk_70,65.38555138287663,41.24220612857593,55.60716596096374,55.02943644748307,45.243809472395085,
Rad_lymp_70,57.01850774087071,29.424066191658177,39.80161864539347,46.74401854546727,29.528236911130946,
NoRad_brain_80,65.83950016472602,41.3749328894945,55.004666910626625,57.66716109261202,46.837166643714674,
NoRad_bone_80,69.08503250189825,37.064700626969795,51.622576151099295,54.87351175181487,37.393643298989936,
NoRad_sts_80,71.41040291822088,43.55393161853756,58.159449582727,56.987823248341414,43.748640659594315,
NoRad_solid_80,69.54987633273736,48.44489178568578,63.87048552740919,54.99688271140382,49.31805389548909,
NoRad_leuk_80,74.08163931490782,49.49388255916535,65.16848490513114,61.57269327520563,52.66524632340724,
NoRad_lymp_80,73.63920892254116,44.671318224390134,59.39931534260522,57.34449507037809,43.07533773243949,
Rad_brain_80,49.17973067676704,27.6876392640569,37.648093095184485,41.029377486772255,29.484419331776476,
Rad_bone_80,57.165956947107325,28.560256019846634,40.82513139195109,45.251965333426455,28.909546856255353,
Rad_sts_80,60.926723502648784,35.80821102825254,49.304031909118756,47.39078601259009,35.742841713315485,
Rad_solid_80,63.460936415763804,41.22200718763699,56.18357174244267,48.87550086202135,41.60972105214558,
Rad_leuk_80,67.81581293172246,42.67017657342602,57.6942450592627,56.45669347723188,46.344672292205125,
Rad_lymp_80,62.986528443441195,33.71248724477751,46.04710544706422,49.5564245153747,32.62567695090594,
NoRad_brain_90,67.36815028501552,42.07119539729947,56.224951300121646,58.22964694082511,47.07935317736042,
NoRad_bone_90,68.41589621955387,37.288899110456484,52.10005006797021,52.95110838868319,36.636812187478036,
NoRad_sts_90,73.51017569032076,47.56265429125742,63.50943874709915,57.48268006528185,47.46277896413883,
NoRad_solid_90,70.4361084809017,48.91937694651354,64.63367527831002,54.73940145588136,48.933543224486385,
NoRad_leuk_90,76.10603585590204,50.85607852148955,67.12426648154963,62.98322571130072,54.010374568741106,
NoRad_lymp_90,75.02227146504917,45.61058419270819,60.69817280581239,58.755584981737854,44.42242999312551,
Rad_brain_90,49.56817723209235,27.81136134808448,37.955127585985345,40.77967227471072,29.16297561944995,
Rad_bone_90,55.59433057746262,27.826670587888724,40.007298849428295,43.17482183720482,27.58779010917052,
Rad_sts_90,62.360543259993726,37.583624104081096,51.80411776732992,48.685968351187135,38.148408412539496,
Rad_solid_90,59.9360206776978,38.446548830260966,52.44181015024492,46.197829300101276,38.68590847485563,
Rad_leuk_90,69.77811431685792,43.315112786442214,58.563784068544535,56.987847264604554,45.78000481845937,
Rad_lymp_90,67.9231631668264,36.473906550800116,50.35221318186753,52.31009665655777,34.73763557555039,
NoRad_ALL,76.39239631529425,51.252735438158766,67.62420755038823,63.22345394502681,54.45943948538602,
NoRad_AML,67.83362570726969,43.40706155532192,57.0532956101846,56.60706655293648,45.8081602360487,
NoRad_OtherLeukemia,63.55394853380549,38.94261982926778,50.856523390712724,52.51796513444637,39.86971615244682,
NoRad_Astrocytoma,68.61581808223211,42.838051061687544,57.380834812080415,59.35495076473742,48.101704417944156,
NoRad_Medulloblastoma,60.45091771306278,39.80383466136721,52.62844780472296,53.526258522756756,45.69487943682252,
NoRad_Other CNS,66.14641128296564,41.18786867485476,54.37388744941715,57.85535276958501,46.14114537884692,
NoRad_HL,74.14988003774424,42.992630977536734,57.574636733144004,57.33177109814533,40.7488399370138,
NoRad_NHL,75.11548792557441,46.2671676359202,61.531943529529755,58.73842323204012,45.158296200681484,
NoRad_Kidney,72.03759734896897,49.96699140778918,65.61223363391242,58.46957425103548,52.05285995012937,
NoRad_NBL,69.9561704610072,49.06263853521993,64.83374764537821,54.14810112041054,49.03888709728135,
NoRad_STS,70.50122035073285,43.14759977386233,57.7383045109174,56.23101559820942,43.46237497553984,
NoRad_Ewings,71.42597003605808,40.25655737211552,56.33866431320695,54.47881057911213,39.37641561943432,
NoRad_Osteosarcoma,69.06292579924579,36.98141512636192,51.64616739185193,54.39446017813424,36.9777017707405,
NoRad_OtherBoneTumor,72.35399667362968,40.05056479381212,55.14432345555427,59.4687331467211,42.259059928645655,
Rad_ALL,68.98217729981131,43.57931373916251,58.88813393794489,57.516620143414954,47.41881360466727,
Rad_AML,60.075972185783826,35.64379790263995,48.29373563018271,48.35888986088331,36.614143824495684,
Rad_OtherLeukemia,57.25917013328013,32.67492227304788,44.10327735787647,47.65423553733467,34.45987305607437,
Rad_Astrocytoma,52.315535544910425,29.58250909592526,40.503080255171874,42.86000741285734,31.080699754321877,
Rad_Medulloblastoma,48.17288577617455,26.964192455794002,36.79983353314094,40.48138812408678,29.107857532294943,
Rad_Other CNS,54.561990049388896,30.924859996808145,42.63693367131492,43.17177371168812,31.213805842536374,
Rad_HL,60.9657223554257,31.278902273713378,42.8349637696403,48.19327377823188,30.061196985686372,
Rad_NHL,67.18693560794662,38.6261262710396,52.81022212719095,52.99239600997218,38.620272202846145,
Rad_Kidney,65.88910967628155,42.66048400402126,58.13021289544502,51.109133920941595,43.34623747593227,
Rad_NBL,58.36269043891001,38.25682656893494,52.01050895036218,45.57496316416872,39.228367933306444,
Rad_STS,60.99641198363209,35.93997682181154,49.49243601644074,48.15319461410833,36.636198998049785,
Rad_Ewings,56.537467346793385,28.33461490000667,40.79486261275675,44.117513429379024,28.381857028510044,
Rad_Osteosarcoma,61.16281156789562,30.65519629929373,43.552823627044006,48.605003314071496,30.995015373219854,
Rad_OtherBoneTumor,61.48008303225139,32.49805610244924,46.560712819502164,48.19945950922456,33.28008929647533,
NoRad_brain,66.2814077331118,41.322227237574175,55.1113995629326,57.710720279480526,46.53712887336478,
NoRad_bone,68.56411283492727,37.01831322847559,51.55451515980132,54.07957513869867,37.06318332454413,
NoRad_sts,70.50122035073285,43.14759977386233,57.7383045109174,56.23101559820942,43.46237497553984,
NoRad_solid,69.85917381281145,48.64516043958358,64.16533025128767,54.79904303032411,49.09976372004906,
NoRad_leuk,74.7656828321441,49.91754473307008,65.73134948485838,61.91228939112934,52.885393977141696,
NoRad_lymp,74.11253517764628,44.85177210135316,59.769110996236584,57.80632708435563,43.45364070850636,
Rad_brain,48.60555417036626,27.17626770063161,36.92836095192789,40.69423888731945,29.02664032011719,
Rad_bone,56.13931123047036,28.036975764653985,40.14429993024854,44.29633950082629,28.301561913938865,
Rad_sts,60.99641198363209,35.93997682181154,49.49243601644074,48.15319461410833,36.636198998049785,
Rad_solid,61.996859876144406,40.223188442790274,54.75446941437132,48.41411085191073,41.17098741294329,
Rad_leuk,67.35184408876208,42.19515068942207,57.014660068467094,55.94892636613073,45.612276529585415,
Rad_lymp,61.73873347274616,32.591676780697505,44.52564045067726,48.99064587408932,31.786653078317748,
ALL grp: 1970s-like,73.47216624574102,47.19448228194599,63.65251267861047,61.851491154295374,52.0049129570971,
ALL grp: 1980s SR-like,75.26780460143516,48.78504852646642,65.85935725271148,63.95687556836339,54.5298208811926,
ALL grp: 1980s HR-like,75.53834050866709,47.72526565327931,64.90856688155966,62.34904148446801,51.736088504923636,
ALL grp: 1990s HR-like,77.58162313125182,50.52825543045664,67.59846820897025,63.94246128935948,53.97667262690172,
ALL grp: 1990s SR/Essig,77.36206444247806,52.48070165223272,68.89567026907272,64.5513914859327,56.09054104290463,
ALL grp: Other,76.68709519166659,50.345841401664465,67.21815634373533,63.44912341514559,53.95602854275437,
ALL grp: Relapse/Transplant,54.47461756195711,33.65996098825283,44.87097600397514,44.83657581504548,35.26209707011585,
NHS: Level 1,76.08056391689021,50.98319311380466,67.26253162542586,62.78625759651576,53.971256809540264,
NHS: Level 2,68.38738988944749,42.28893601946994,56.69710365309337,55.619044289788214,43.93164890213332,
NHS: Level 3,56.91665615793159,32.99331748426693,44.68058520429291,46.19995456065412,33.95795582755792,
M-HL grp: Salvage,45.29307934976892,20.05930913305622,26.503229116460567,38.72824690709761,19.935544614803987,
M-HL grp: Extended,57.241619464277775,28.509624736832247,37.61100227809359,47.66419259343044,28.096040297319952,
M-HL grp: Chest RT>=35 plus chemo,59.70947355241497,31.04884509448856,41.33578803773445,49.06163770056313,30.746623942092647,
M-HL grp: Chest RT>=35 no chemo,60.54510616773651,32.53883568982223,42.83993004632621,50.5787025886782,32.80848614265284,
M-HL grp: Chest RT<35 plus chemo,70.51776068765443,39.74625170820218,53.90523293918469,54.86076803082408,38.27370355827188,
M-HL grp: Chemo without chest RT,75.45529335216887,46.16816361461281,60.805785296457294,59.21823451536041,44.49026723287422,
M-HL grp: Other,66.49679465958519,40.988798112173995,56.08928750273743,54.876028081988636,44.46603222198493,
F-HL grp: Salvage,53.30364145613947,24.30282278994945,34.26565490279645,39.74006960774635,20.702083054403307,
F-HL grp: Extended,58.14382975639337,27.47016204185382,38.25731025534694,45.24270849282068,25.303049672053756,
F-HL grp: Chest RT>=35 plus chemo,61.79573328570526,29.90453753047766,42.19640630333612,46.840532274370126,27.297453289369535,
F-HL grp: Chest RT>=35 no chemo,61.54580456113567,29.93532349756197,41.60232255683459,47.85018384389152,27.974777959917162,
F-HL grp: Chest RT<35 plus chemo,70.81602035766,36.91739840119049,52.806488517867884,52.819464241379684,34.82244503824118,
F-HL grp: Chemo without chest RT,76.55658484480901,42.822634860470856,59.230862663714426,58.387626071023995,41.08780278243351,
F-HL grp: Other,72.47108416313972,39.66032012318411,55.205739821888,56.355309073469684,39.012676887763014,
M-HL grp 2: Salvage,45.29307934976892,20.05930913305622,26.503229116460567,38.72824690709761,19.935544614803987,
M-HL grp 2: Extended,57.241619464277775,28.509624736832247,37.61100227809359,47.66419259343044,28.096040297319952,
M-HL grp 2: Chest RT>=35,59.59978493123195,31.384016020604406,41.56426609695969,49.12709192175333,31.05586810464489,
M-HL grp 2: [empty],NaN,NaN,NaN,NaN,NaN,
M-HL grp 2: Chest RT<35 plus chemo,70.51776068765443,39.74625170820218,53.90523293918469,54.86076803082408,38.27370355827188,
M-HL grp 2: Chemo without chest RT,75.45529335216887,46.16816361461281,60.805785296457294,59.21823451536041,44.49026723287422,
M-HL grp 2: Other,66.49679465958519,40.988798112173995,56.08928750273743,54.876028081988636,44.46603222198493,
F-HL grp 2: Salvage,53.30364145613947,24.30282278994945,34.26565490279645,39.74006960774635,20.702083054403307,
F-HL grp 2: Extended,58.14382975639337,27.47016204185382,38.25731025534694,45.24270849282068,25.303049672053756,
F-HL grp 2: Chest RT>=35,61.54991343798955,29.798166552488375,41.86913901820232,46.80724714087326,27.12650330280062,
F-HL grp 2: [empty],NaN,NaN,NaN,NaN,NaN,
F-HL grp 2: Chest RT<35 plus chemo,70.81602035766,36.91739840119049,52.806488517867884,52.819464241379684,34.82244503824118,
F-HL grp 2: Chemo without chest RT,76.55658484480901,42.822634860470856,59.230862663714426,58.387626071023995,41.08780278243351,
F-HL grp 2: Other,72.47108416313972,39.66032012318411,55.205739821888,56.355309073469684,39.012676887763014,
M-HL AHOD: Contemporary,73.94849424895293,43.04258784787049,57.97127142259752,58.00857558177516,42.029981166122276,
M-HL AHOD: High Chest RT,54.547559785126616,26.942153501328615,35.568328538287524,45.62432408441791,26.64561800059894,
M-HL AHOD: Other,66.37108064966958,40.78222299673122,55.71958293719277,54.80046400571301,44.14773630107493,
F-HL AHOD: Contemporary,74.66611487688637,39.853582438450665,56.57849158689179,56.34695867870395,38.2562144440956,
F-HL AHOD: High Chest RT,57.86960897064882,27.241090750930066,38.121248133516296,44.39474784312689,24.653084986336548,
F-HL AHOD: Other,70.01293562269278,37.04620038445389,52.308318731228624,51.920750538973635,34.18543972654393,
M-HL AHOD2: Contemporary with RT,73.7453648344335,42.13836222366222,57.21579421215884,57.88086217389703,41.313190794479915,
M-HL AHOD2: Contemporary without RT,78.95956258164757,48.6265242024895,64.35103362501967,61.46413473039821,46.913181569654476,
M-HL AHOD2: High Chest RT,54.547559785126616,26.942153501328615,35.568328538287524,45.62432408441791,26.64561800059894,
M-HL AHOD2: Other,66.37108064966958,40.78222299673122,55.71958293719277,54.80046400571301,44.14773630107493,
F-HL AHOD2: Contemporary with RT,73.69060384845761,38.47974755424221,55.06531764323878,55.99913800293819,37.35822670344374,
F-HL AHOD2: Contemporary without RT,78.1419629098009,43.999546759846616,60.97362608908851,59.75896974156557,42.621361036009596,
F-HL AHOD2: High Chest RT,57.86960897064882,27.241090750930066,38.121248133516296,44.39474784312689,24.653084986336548,
F-HL AHOD2: Other,70.01293562269278,37.04620038445389,52.308318731228624,51.920750538973635,34.18543972654393,
M-ALL grp: 1970s-like,72.90236655189703,47.92976664953094,63.19255038267176,61.41987139914234,51.70396405126526,
M-ALL grp: 1980s SR-like,75.50109836997302,49.71227426719713,65.90128370741188,64.0238812242571,54.355823893157556,
M-ALL grp: 1980s HR-like,75.90173543456008,48.75958224630068,65.17231151852718,62.900529479563886,52.100219766268474,
M-ALL grp: 1990s HR-like,77.99236359579926,51.54298721712876,67.95004774463577,64.35696025457977,54.31282329120085,
M-ALL grp: 1990s SR/Essig,77.64209686313747,53.83539269745395,69.17317184154318,64.75577061276249,56.29379357139464,
M-ALL grp: Other,76.74056521261737,51.20309627914517,67.02521497511366,63.84507354891869,54.150425344929964,
M-ALL grp: Relapse/Transplant,60.867262847490316,35.5339576385637,48.79658836471252,49.0927402056803,37.02133688740223,
F-ALL grp: 1970s-like,74.34383251040674,46.769688783022936,64.4847899940166,63.40092482495962,53.52176858420649,
F-ALL grp: 1980s SR-like,75.80531861635812,48.12201472587139,66.60479842660426,64.40787747474239,55.25496634460271,
F-ALL grp: 1980s HR-like,76.3646413499702,47.19045910186027,65.88828452432372,63.338543342226224,52.901241665020066,
F-ALL grp: 1990s HR-like,78.22812540540332,49.765744617152635,68.40338499117868,64.78179287029,54.91144488275935,
F-ALL grp: 1990s SR/Essig,77.83046149212284,51.709444349120005,69.35677478127128,65.40367360775618,56.89597462064994,
F-ALL grp: Other,77.1809131641591,49.87343256162687,67.95989926186931,64.02965407296439,54.79023970148722,
F-ALL grp: Relapse/Transplant,59.05952174723122,36.09405157479265,49.48137390110682,49.32120247943894,39.74305463331453,
