Diagnosis,Treatment,70,80,90,
-1,AnthNone,0.7132793168186544,0.4978280504815995,0.3617356640669652,
-1,Anth<100,0.03305952743735568,0.12260918842284702,0.22297652538499846,
-1,Anth100_249,0.08176868466219404,0.2022155623467409,0.2991683362367118,
-1,Anth250_399,0.09689460250962438,0.13096668335205838,0.08623058680699007,
-1,Anth400+,0.08456938628684298,0.05561569487865026,0.03718656521803326,
g0,AnthNone,0.9959757051289257,0.99427158353985,0.9881644196128542,
g0,Anth<100,0.0,0.0,0.0,
g0,Anth100_249,0.002314017834788171,0.004439187481565538,0.004135917835122208,
g0,Anth250_399,0.0017102770362859721,0.0020794511295900817,0.007169392230529678,
g0,Anth400+,0.0,0.0,0.0010733775092255386,
g1,AnthNone,0.27208984719317125,0.12259709657247013,0.045183871489944606,
g1,Anth<100,0.020676927566332378,0.029937343110490962,0.01980361228421841,
g1,Anth100_249,0.09341584223700207,0.12073433277132223,0.15540814797024669,
g1,Anth250_399,0.2969353080330191,0.44967234408570056,0.4764782559001561,
g1,Anth400+,0.3706516523636861,0.3171233516251315,0.33315515982773647,
g2,AnthNone,0.6921536171886282,0.5189163322042236,0.6949278976613027,
g2,Anth<100,0.016981515606934863,0.029999015118331335,0.03175453309150797,
g2,Anth100_249,0.08343237423175613,0.0679949334951848,0.10276773433155437,
g2,Anth250_399,0.09866190292697499,0.2639923314000086,0.13018065583728378,
g2,Anth400+,0.1358633056147129,0.15062146847749283,0.06324504287521762,
g3,AnthNone,0.786915143652999,0.5680344062524675,0.4717716992949933,
g3,Anth<100,0.017217026402756,0.03669865733312944,0.1090032773548327,
g3,Anth100_249,0.07125202682058,0.22538955475151273,0.3393306625873051,
g3,Anth250_399,0.10686166531243142,0.17001296503916313,0.08406592445471564,
g3,Anth400+,0.038829796273287046,0.015958102691784052,0.010597671179814024,
g4,AnthNone,0.6597743515641683,0.3793752075465155,0.18337794532849022,
g4,Anth<100,0.0762526456107694,0.2685151750262933,0.422924147532643,
g4,Anth100_249,0.10847217476867552,0.25194569058390415,0.3349201587405161,
g4,Anth250_399,0.09548590506976921,0.07962633791871285,0.048675089132007965,
g4,Anth400+,0.0795051439268314,0.038806949722186034,0.024254010842378524,
g5,AnthNone,0.7915463433645127,0.4437906169221945,0.10925520229070326,
g5,Anth<100,0.020547207878948266,0.0463663568084166,0.1043925221335372,
g5,Anth100_249,0.09504177061132234,0.33722006501319735,0.6390754842594284,
g5,Anth250_399,0.0712129903828364,0.15457650377986498,0.14179842094984016,
g5,Anth400+,0.03738895703375295,0.038016284799111205,0.021255909632071388,
d0,AnthNone,0.6852418621250451,0.40535789754021684,0.18572238207526837,
d0,Anth<100,0.07826393529545692,0.2796137329386495,0.4509162555570403,
d0,Anth100_249,0.09561785978442142,0.21943733398092144,0.3168952174436978,
d0,Anth250_399,0.09063841345619413,0.0762583223019022,0.050692188765674245,
d0,Anth400+,0.06973876065118853,0.03828988955280953,0.01053989755923062,
d1,AnthNone,0.3080162926639943,0.059436143173110245,0.04820933017865173,
d1,Anth<100,0.09044641351624433,0.21659518566419486,0.20903107452272096,
d1,Anth100_249,0.33310546820697745,0.6118058552255842,0.5761128734578193,
d1,Anth250_399,0.17417085350370923,0.13704842434834133,0.03896001925227582,
d1,Anth400+,0.21186895228500488,0.02704796806345232,0.17336973823927343,
d2,AnthNone,0.7124461548768318,0.5336787764296994,0.5524105360981542,
d2,Anth<100,0.053884832731867435,0.11853690887114202,0.1526604466317039,
d2,Anth100_249,0.07314408443834905,0.27985507646724467,0.2630801161931734,
d2,Anth250_399,0.12225403171294484,0.058486278118165404,0.02977096199910111,
d2,Anth400+,0.13292900384113115,0.11367135511035095,0.06431526993575902,
d3,AnthNone,0.8834335323314743,0.5583190431392366,0.10530627704966847,
d3,Anth<100,0.005925796205880459,0.03423687385388649,0.06478257577581992,
d3,Anth100_249,0.030898015871108783,0.2713877361522327,0.6825804543353675,
d3,Anth250_399,0.06712880824605859,0.15488638394139004,0.1482364010532271,
d3,Anth400+,0.019036248368529768,0.004576395011797906,0.02031206560562387,
d4,AnthNone,0.5763702838831024,0.2982447751658661,0.116864839632667,
d4,Anth<100,0.05622108706176053,0.06558096350112864,0.15482696140373645,
d4,Anth100_249,0.25154882387313066,0.42989980912755743,0.5916177016345535,
d4,Anth250_399,0.0831678025640076,0.15817138122536434,0.13695666640168694,
d4,Anth400+,0.08307004014106982,0.08433054068737295,0.024581658673164555,
d5,AnthNone,0.9940515648183711,0.9973156712826986,0.997679002222754,
d5,Anth<100,0.0,0.0,0.0,
d5,Anth100_249,0.003420421599398464,0.00380141750272061,0.0011623656059778205,
d5,Anth250_399,0.0025280135822303355,0.0,0.0,
d5,Anth400+,0.0,0.0,0.001158632171268178,
d6,AnthNone,1.0,0.9858904980663944,0.9620443551530683,
d6,Anth<100,0.0,0.0,0.0,
d6,Anth100_249,0.0,0.012092585715940483,0.013579696686129388,
d6,Anth250_399,0.0,0.0054350776249730585,0.026495823975889895,
d6,Anth400+,0.0,0.0,0.0,
d7,AnthNone,1.0,0.9947424825140961,0.9955244105245173,
d7,Anth<100,0.0,0.0,0.0,
d7,Anth100_249,0.0,0.0,0.0,
d7,Anth250_399,0.0,0.0052575174859038135,0.002133075207892354,
d7,Anth400+,0.0,0.0,0.0023425142675902897,
d8,AnthNone,0.6921536171886282,0.5189163322042236,0.6949278976613027,
d8,Anth<100,0.016981515606934863,0.029999015118331335,0.03175453309150797,
d8,Anth100_249,0.08343237423175613,0.0679949334951848,0.10276773433155437,
d8,Anth250_399,0.09866190292697499,0.2639923314000086,0.13018065583728378,
d8,Anth400+,0.1358633056147129,0.15062146847749283,0.06324504287521762,
d9,AnthNone,0.2897645311006079,0.054004617729019246,0.011703904027495663,
d9,Anth<100,0.01445454066007717,0.016185835417779373,0.02502629218222918,
d9,Anth100_249,0.08674594658793426,0.08954649887083292,0.1423520919453779,
d9,Anth250_399,0.3547690945098574,0.5417764532248204,0.6849070989431848,
d9,Anth400+,0.34597840336148805,0.35920833183427003,0.18121709105832898,
d10,AnthNone,0.2235308381429185,0.13801434902069826,0.06307357344015543,
d10,Anth<100,0.029518327266234712,0.03783484011805801,0.019872380873921184,
d10,Anth100_249,0.10926244600729978,0.15275811103734716,0.15275320816047855,
d10,Anth250_399,0.29208652217077474,0.4141028197055267,0.34141472517360677,
d10,Anth400+,0.41988872239051356,0.3111834324656313,0.46310265799185446,
d11,AnthNone,1.0,0.5887018377329195,0.12307265469491735,
d11,Anth<100,0.0,0.07380450457014048,0.024857262343148428,
d11,Anth100_249,0.0,0.0,0.31028659517164403,
d11,Anth250_399,0.0,0.2504999978487411,0.5583951883015185,
d11,Anth400+,0.0,0.08699365984819894,0.09577403609946335,
d12,AnthNone,0.7347044405553282,0.536462018317726,0.49168220747652436,
d12,Anth<100,0.014187652300187049,0.023307731629149963,0.08008623375029147,
d12,Anth100_249,0.10490057573004537,0.20217630991528368,0.3281566112318662,
d12,Anth250_399,0.15124147684630102,0.24360684273270072,0.10695118912982572,
d12,Anth400+,0.024918152348927847,0.015932809103356545,0.00631554867233869,
d13,AnthNone,0.8519998947800469,0.6145045650104167,0.4553550600988533,
d13,Anth<100,0.02317530870571788,0.05699150800979338,0.13927496230229008,
d13,Anth100_249,0.03541195048004508,0.2599328998845536,0.3534587122847298,
d13,Anth250_399,0.059302507309314655,0.07661349271574915,0.06380850811328118,
d13,Anth400+,0.058756652223297366,0.019104338555751024,0.014841349675008927,
-1,AlkNone,0.5699766148868118,0.46681170773013286,0.4238104893530178,
-1,Alk<4000,0.07583580174920179,0.1614503812295144,0.2222765659379941,
-1,Alk4000_7999,0.0916294514961866,0.1301597125100811,0.14443726826353898,
-1,Alk8000_11999,0.09008096017507417,0.11470699723983889,0.10393149190879855,
-1,Alk12000+,0.1893583263114162,0.13793987568864025,0.11359980894680899,
g0,AlkNone,0.8586923420242045,0.7390640326398727,0.6732396937468893,
g0,Alk<4000,0.020569342498034694,0.039321955556783215,0.031123398215963643,
g0,Alk4000_7999,0.03274837961418729,0.03379244408588859,0.05578777639710755,
g0,Alk8000_11999,0.04608040403344689,0.0841849840052794,0.10797533668595609,
g0,Alk12000+,0.07514318406455209,0.1257331495531421,0.1459840467875086,
g1,AlkNone,0.3932169395485702,0.2398749393335616,0.19220160397043037,
g1,Alk<4000,0.07219931852458969,0.1248392735212095,0.08255738914487734,
g1,Alk4000_7999,0.22554104329535993,0.27622076947391266,0.09327813533547936,
g1,Alk8000_11999,0.0968444022879839,0.11988229057753526,0.1631617661064236,
g1,Alk12000+,0.2657029220040677,0.28095996714147564,0.5025129106369516,
g2,AlkNone,0.38994536062192847,0.3569995816141288,0.1951277896069681,
g2,Alk<4000,0.06122672258929122,0.058497187237647075,0.03993061606105937,
g2,Alk4000_7999,0.09216535133273397,0.09649069929616304,0.03948379828946746,
g2,Alk8000_11999,0.09720528809435625,0.14670995327185976,0.09994934460163628,
g2,Alk12000+,0.41665380150158615,0.38623214433478914,0.6673474611755572,
g3,AlkNone,0.7213215685383848,0.7153565418408689,0.6386689017533672,
g3,Alk<4000,0.04034575792747067,0.05385848050602472,0.08895851249535494,
g3,Alk4000_7999,0.0674439287726395,0.1152559008079891,0.12059133905804799,
g3,Alk8000_11999,0.048166142980530784,0.04612765336787514,0.04858266329638287,
g3,Alk12000+,0.15736977855362597,0.08777687719404842,0.12446738946444189,
g4,AlkNone,0.653977387643469,0.42874832110036176,0.3860139293332517,
g4,Alk<4000,0.13343052487177182,0.291480409063976,0.3848052439681766,
g4,Alk4000_7999,0.08377477755002304,0.11266578254857591,0.11325558957299532,
g4,Alk8000_11999,0.058303071081465006,0.11082721828342988,0.10361044262450057,
g4,Alk12000+,0.0992210286400447,0.075961652293769,0.025770246076765632,
g5,AlkNone,0.4138721837349535,0.268452333259027,0.19527243088039367,
g5,Alk<4000,0.07083411537044484,0.12558896001606368,0.1795451474331131,
g5,Alk4000_7999,0.10893700732380411,0.23212593669944812,0.44096370191748085,
g5,Alk8000_11999,0.18325359662342328,0.20880547386671758,0.1405967046253707,
g5,Alk12000+,0.26560952175884556,0.19615184471256875,0.065328257985217,
d0,AlkNone,0.6758011213038538,0.4357614495480454,0.3760253883711141,
d0,Alk<4000,0.12885347976785336,0.2912275239588371,0.39927343579567487,
d0,Alk4000_7999,0.07505301417473037,0.10355568006459297,0.11344527284018259,
d0,Alk8000_11999,0.055890332369614215,0.11607943908856609,0.10433961527549998,
d0,Alk12000+,0.09331392381790896,0.0745865844696096,0.021061662056101698,
d1,AlkNone,0.4122879260756445,0.4125488755594221,0.5321358891926679,
d1,Alk<4000,0.20168849976811423,0.28803182235835084,0.23468455369417737,
d1,Alk4000_7999,0.2654762762321565,0.21091898456787841,0.09868388326150745,
d1,Alk8000_11999,0.10488392907264994,0.07407461314275096,0.10633348970416974,
d1,Alk12000+,0.1683085586739987,0.0674924164692552,0.07528112971948107,
d2,AlkNone,0.657885766450372,0.3196004643335557,0.33358690393747376,
d2,Alk<4000,0.2104933454734256,0.3785238152585761,0.38772127130887807,
d2,Alk4000_7999,0.0686080075079409,0.15973861646238458,0.1938551908574845,
d2,Alk8000_11999,0.10271651200164984,0.10504983664118803,0.11060332250081317,
d2,Alk12000+,0.18758703901420012,0.19419222390920662,0.07061255800424891,
d3,AlkNone,0.5017354500876611,0.42278466421864014,0.2846660341879709,
d3,Alk<4000,0.03725955334330845,0.04795465778068172,0.11616896993064718,
d3,Alk4000_7999,0.0949218944765635,0.18997229679867855,0.4678102870166442,
d3,Alk8000_11999,0.1716620828687244,0.20348501528185287,0.10099055737062873,
d3,Alk12000+,0.24456347430401904,0.18069960447386713,0.06392472067173756,
d4,AlkNone,0.21736797934443228,0.06867751831074888,0.09286231100499331,
d4,Alk<4000,0.15915123961801103,0.23326277479834617,0.2599546341264077,
d4,Alk4000_7999,0.14873532767672554,0.2937518222530393,0.41274919826181045,
d4,Alk8000_11999,0.2214316586905254,0.22204552063159172,0.19208343735123987,
d4,Alk12000+,0.3283416110150355,0.2223093205612356,0.0704831330557448,
d5,AlkNone,0.9108761602921831,0.8498825254374835,0.8901641245740275,
d5,Alk<4000,0.014347929345934133,0.022385806694692933,0.023774340019782722,
d5,Alk4000_7999,0.015785753306116104,0.02282259670374867,0.017420115720694837,
d5,Alk8000_11999,0.031152895298530086,0.04662885197440684,0.023418136174923727,
d5,Alk12000+,0.05726521548664076,0.07393929515911953,0.05736296062333994,
d6,AlkNone,0.6659521653023128,0.42817671631211923,0.14905243804724966,
d6,Alk<4000,0.06265915671011214,0.11091234747230075,0.0567107891224927,
d6,Alk4000_7999,0.1242743309742578,0.0729100069378068,0.15287967871145097,
d6,Alk8000_11999,0.11172724478731584,0.19355756841784258,0.3341636557803576,
d6,Alk12000+,0.17145365457609432,0.2701733120471525,0.3539846184113449,
d7,AlkNone,0.9000948778313301,0.7839750841792226,0.7484685468301407,
d7,Alk<4000,0.025573130014580153,0.013028135214686376,0.022142151185272227,
d7,Alk4000_7999,0.018022705792951805,0.03267445353610191,0.04437068731613422,
d7,Alk8000_11999,0.06927715023415154,0.08690908617646846,0.060567148235157416,
d7,Alk12000+,0.07729739674048679,0.13477084534266667,0.1411179091470734,
d8,AlkNone,0.38994536062192847,0.3569995816141288,0.1951277896069681,
d8,Alk<4000,0.06122672258929122,0.058497187237647075,0.03993061606105937,
d8,Alk4000_7999,0.09216535133273397,0.09649069929616304,0.03948379828946746,
d8,Alk8000_11999,0.09720528809435625,0.14670995327185976,0.09994934460163628,
d8,Alk12000+,0.41665380150158615,0.38623214433478914,0.6673474611755572,
d9,AlkNone,0.07614809535242519,0.038245560855386766,0.003928635817189049,
d9,Alk<4000,0.06126101668252093,0.03590575913015704,0.04491756384188336,
d9,Alk4000_7999,0.1106520265392671,0.06941933190065463,0.06154532405714609,
d9,Alk8000_11999,0.16648286091714612,0.22576053449491912,0.08891464257488238,
d9,Alk12000+,0.6956003024699762,0.6990657674769424,0.8524677305573098,
d10,AlkNone,0.550950074212584,0.34399124476030024,0.32652869002014673,
d10,Alk<4000,0.08893867786328502,0.18631916027153678,0.11843631035863349,
d10,Alk4000_7999,0.31433728442328945,0.42190623941271654,0.12594269128541224,
d10,Alk8000_11999,0.06441669072805771,0.05702656590233662,0.22654161986525975,
d10,Alk12000+,0.037619231995373016,0.043779626952698804,0.24938093987396887,
d11,AlkNone,0.8856253489283601,0.5887018377329195,0.10394438775435677,
d11,Alk<4000,0.0,0.07188339224955612,0.019128266940560534,
d11,Alk4000_7999,0.0,0.035254219076590446,0.02001987161698233,
d11,Alk8000_11999,0.056367232001404394,0.18280647977363607,0.11035479050378938,
d11,Alk12000+,0.05800741907023545,0.12135407116729789,0.8416382432985807,
d12,AlkNone,0.9597622971753803,0.9035638068509106,0.8622644843363981,
d12,Alk<4000,0.01573026988343413,0.025311722965070765,0.02200959683883249,
d12,Alk4000_7999,0.018143947364942507,0.04079747211371318,0.03279533658441212,
d12,Alk8000_11999,0.0052025083067439816,0.01092783080716402,0.03485001077653613,
d12,Alk12000+,0.010841251873105074,0.030166738001868598,0.0573339111154846,
d13,AlkNone,0.4406149031648301,0.4688106324194069,0.4189995445713739,
d13,Alk<4000,0.07166968809816987,0.09428925436260525,0.15685347118261886,
d13,Alk4000_7999,0.12854819303353585,0.21507678958107215,0.20863656448951534,
d13,Alk8000_11999,0.1012068263303712,0.09532898763241039,0.06346911854303544,
d13,Alk12000+,0.3332062218100058,0.1658980404612278,0.1934384831381105,
-1,CispNone,0.9890381807648543,0.9113730876000573,0.9006784612029666,
-1,Cisp<400,0.0063674127373255195,0.03870044449047077,0.05508113757374862,
-1,Cisp400+,0.006073362711914789,0.052403746598030695,0.046333323786759945,
g0,CispNone,0.9923778704249385,0.8282857923630474,0.7755508958386162,
g0,Cisp<400,0.005626492394045982,0.07984646406229544,0.13149791770094957,
g0,Cisp400+,0.005192374246607668,0.10024210080801707,0.10111474021441119,
g1,CispNone,0.9249352254991122,0.5853690220146384,0.5832261173722642,
g1,Cisp<400,0.0380824759005342,0.12499526887889503,0.17205867993043558,
g1,Cisp400+,0.04850638760016241,0.3112489764254974,0.25870000671349297,
g2,CispNone,0.9913674765532665,0.8306461755300172,0.9678291851373729,
g2,Cisp<400,0.007860185233526142,0.13225333180591028,0.03209782903829643,
g2,Cisp400+,0.00237224052279075,0.04805579695120116,0.003002224454046726,
g3,CispNone,0.9867056783281068,0.8779887542812428,0.8015425359740727,
g3,Cisp<400,0.010665824177525178,0.05420729521740243,0.11318294371948515,
g3,Cisp400+,0.007109303894443757,0.07592221714064167,0.09420892913758015,
g4,CispNone,0.9994180631288204,0.9986804619097425,0.9998467590844449,
g4,Cisp<400,0.0,0.0,1.5324091555510205E-4,
g4,Cisp400+,5.819368711796167E-4,0.0013195380902575734,0.0,
g5,CispNone,0.9982905544321146,0.9844104433002528,0.9584583516098582,
g5,Cisp<400,0.0017094455678854368,0.012420998436567002,0.04042778489330334,
g5,Cisp400+,0.0,0.004610233895465986,0.0029499915473588196,
d0,CispNone,0.9993504921938057,0.9997169368878254,1.0,
d0,Cisp<400,0.0,0.0,0.0,
d0,Cisp400+,6.495078061944011E-4,2.830631121745999E-4,0.0,
d1,CispNone,1.0,0.9870546851298314,1.0,
d1,Cisp<400,0.0,0.0,0.0,
d1,Cisp400+,0.0,0.012945314870168598,0.0,
d2,CispNone,1.0,1.0,0.9940644260643675,
d2,Cisp<400,0.0,0.0,0.005935573935632423,
d2,Cisp400+,0.0,0.0,0.0,
d3,CispNone,0.9975678399080516,0.9912614533262477,0.9602446163821052,
d3,Cisp<400,0.0024321600919483973,0.00803294806936548,0.037666264746921606,
d3,Cisp400+,0.0,0.0019612268235122566,0.004435121035731875,
d4,CispNone,1.0,0.9753475756837154,0.9563430097292013,
d4,Cisp<400,0.0,0.01988674607145586,0.04479740354880132,
d4,Cisp400+,0.0,0.008114476381945663,0.001191262016460788,
d5,CispNone,0.9911551267486337,0.9130767551152156,0.9743045294906508,
d5,Cisp<400,0.006127828358664802,0.0384195846558902,0.019664575857280566,
d5,Cisp400+,0.0027170448927016436,0.05220987359769608,0.009481490137320046,
d6,CispNone,0.991331879735543,0.604698479509785,0.2899808936810931,
d6,Cisp<400,0.007834936947954306,0.21733178711161144,0.4151332455237592,
d6,Cisp400+,0.01774679826158271,0.20798675061302838,0.3231583160624794,
d7,CispNone,1.0,0.8314763626771506,0.845600633729084,
d7,Cisp<400,0.0,0.050494704164006095,0.08599743092059946,
d7,Cisp400+,0.010797818077615293,0.13881033490072953,0.07947586604010531,
d8,CispNone,0.9913674765532665,0.8306461755300172,0.9678291851373729,
d8,Cisp<400,0.007860185233526142,0.13225333180591028,0.03209782903829643,
d8,Cisp400+,0.00237224052279075,0.04805579695120116,0.003002224454046726,
d9,CispNone,0.9855290994107645,0.9372166042463599,0.9925254808339661,
d9,Cisp<400,0.020079320212205185,0.04391085769258739,0.007474519166034017,
d9,Cisp400+,0.005608419622969676,0.028593727365191265,0.0,
d10,CispNone,0.8891670127790456,0.35393347875776904,0.27474516471192956,
d10,Cisp<400,0.05034397622699954,0.17958990212592377,0.2966397713814208,
d10,Cisp400+,0.07924670179796504,0.5023363917836086,0.4531092416326523,
d11,CispNone,0.9419925809297645,0.8869876615685651,1.0,
d11,Cisp<400,0.05800741907023545,0.07035317769693451,0.0,
d11,Cisp400+,0.0,0.042659160734500316,0.0,
d12,CispNone,1.0,0.9813537716473523,1.0,
d12,Cisp<400,0.0,0.006170207322511888,0.0,
d12,Cisp400+,0.0,0.012476021030135846,0.0,
d13,CispNone,0.9709887505642285,0.7415306054252015,0.6048667821095988,
d13,Cisp<400,0.023275266936443693,0.11762383843099569,0.2253497543249148,
d13,Cisp400+,0.01551412653362076,0.1596812169822612,0.18757206994884085,
-1,PlatNone,0.9890381807648543,0.9100155816037325,0.8559922374657369,
-1,Plat<400,0.0063674127373255195,0.03809076760111497,0.053220598543541206,
-1,Plat400+,0.006073362711914789,0.05457025319087996,0.09344547415845288,
g0,PlatNone,0.9923778704249385,0.8218268767423134,0.6444251455438925,
g0,Plat<400,0.005626492394045982,0.07640667130544437,0.1266391338782317,
g0,Plat400+,0.005192374246607668,0.11156791440583434,0.23944135458224516,
g1,PlatNone,0.9249352254991122,0.5806834843301478,0.5103881281154983,
g1,Plat<400,0.0380824759005342,0.12272508727340081,0.1646179532417965,
g1,Plat400+,0.04850638760016241,0.31916037517458223,0.3393289156288822,
g2,PlatNone,0.9913674765532665,0.8292640205484617,0.945380943502237,
g2,Plat<400,0.007860185233526142,0.13141824426134766,0.0433767110285826,
g2,Plat400+,0.00237224052279075,0.05147112248243339,0.019550589878145938,
g3,PlatNone,0.9867056783281068,0.8783618704215083,0.7121612033642538,
g3,Plat<400,0.010665824177525178,0.055247746903054694,0.09184154201648022,
g3,Plat400+,0.007109303894443757,0.07518263188136512,0.20806810435297196,
g4,PlatNone,0.9994180631288204,0.9986804619097425,0.9992823698259374,
g4,Plat<400,0.0,0.0,5.643892585073965E-4,
g4,Plat400+,5.819368711796167E-4,0.0013195380902575734,1.5324091555510205E-4,
g5,PlatNone,0.9982905544321146,0.9850039134855249,0.9310580711587259,
g5,Plat<400,0.0017094455678854368,0.012420998436567002,0.053783714655104016,
g5,Plat400+,0.0,0.004157540100631325,0.01776683974063925,
d0,PlatNone,0.9993504921938057,0.9997169368878254,0.9997570859479228,
d0,Plat<400,0.0,0.0,2.4291405207719864E-4,
d0,Plat400+,6.495078061944011E-4,2.830631121745999E-4,0.0,
d1,PlatNone,1.0,0.9870546851298314,0.9978893848692557,
d1,Plat<400,0.0,0.0,0.002110615130744312,
d1,Plat400+,0.0,0.012945314870168598,0.0,
d2,PlatNone,1.0,1.0,0.9871086727487594,
d2,Plat<400,0.0,0.0,0.006955753315608265,
d2,Plat400+,0.0,0.0,0.005935573935632423,
d3,PlatNone,0.9975678399080516,0.9923035530580891,0.9457803302251728,
d3,Plat<400,0.0024321600919483973,0.00803294806936548,0.04521075774634212,
d3,Plat400+,0.0,9.191270916707524E-4,0.012506254156720978,
d4,PlatNone,1.0,0.9753475756837154,0.9136235834696719,
d4,Plat<400,0.0,0.01988674607145586,0.06547991844608932,
d4,Plat400+,0.0,0.008441479005482356,0.02529544543418344,
d5,PlatNone,0.9911551267486337,0.9091367435731668,0.8233958605766631,
d5,Plat<400,0.006127828358664802,0.03630902976251551,0.03915108769953235,
d5,Plat400+,0.0027170448927016436,0.06150802835549417,0.14886378474047218,
d6,PlatNone,0.991331879735543,0.5932378887286489,0.19260469199138033,
d6,Plat<400,0.007834936947954306,0.20695395478997472,0.35266210299355155,
d6,Plat400+,0.01774679826158271,0.2329882818783034,0.48458039668016606,
d7,PlatNone,1.0,0.8322704445881584,0.7399730591014965,
d7,Plat<400,0.0,0.05018423092178416,0.09142919610487542,
d7,Plat400+,0.010797818077615293,0.14353355717324282,0.18936666374904393,
d8,PlatNone,0.9913674765532665,0.8292640205484617,0.945380943502237,
d8,Plat<400,0.007860185233526142,0.13141824426134766,0.0433767110285826,
d8,Plat400+,0.00237224052279075,0.05147112248243339,0.019550589878145938,
d9,PlatNone,0.9855290994107645,0.9287168673309417,0.9751599931719862,
d9,Plat<400,0.020079320212205185,0.04056804807319501,0.0067684263169482915,
d9,Plat400+,0.005608419622969676,0.04067144143623615,0.02592772036647424,
d10,PlatNone,0.8891670127790456,0.3521559837758949,0.16555917419584076,
d10,Plat<400,0.05034397622699954,0.17719372723706522,0.2819862131739225,
d10,Plat400+,0.07924670179796504,0.5082054650515067,0.5762815048729258,
d11,PlatNone,0.9419925809297645,0.8869876615685651,0.9394174406555879,
d11,Plat<400,0.05800741907023545,0.11468767681063315,0.017194434616358778,
d11,Plat400+,0.0,0.042659160734500316,0.04338812472805349,
d12,PlatNone,1.0,0.9813537716473523,0.9281094815884942,
d12,Plat<400,0.0,0.007746131619501615,0.018110076491539534,
d12,Plat400+,0.0,0.014051945327125571,0.059499787309527784,
d13,PlatNone,0.9709887505642285,0.742624161665032,0.4987533447115333,
d13,Plat<400,0.023275266936443693,0.11988197232616636,0.16680676102014183,
d13,Plat400+,0.01551412653362076,0.15763993726189796,0.3574649059417002,
-1,ChestNone,0.25872831088376497,0.46968048967667253,0.6612100219828444,
-1,Chest<10,0.4343893034188431,0.3230376943482143,0.17407866962462037,
-1,Chest10_19,0.04733955969389658,0.06660429226165852,0.062282121541705635,
-1,Chest20_29,0.07147633781941808,0.04850256207100157,0.05544573868729469,
-1,Chest30+,0.1973178764022769,0.10031621590460182,0.052391457898912835,
g0,ChestNone,0.2773519926814881,0.33733689363268216,0.5271218329646573,
g0,Chest<10,0.5097986724459487,0.39507770670973885,0.23155984307041638,
g0,Chest10_19,0.005633965432859639,0.0070132129148583085,0.006525733777720102,
g0,Chest20_29,0.05593359364981391,0.07121087855671,0.08859103350603768,
g0,Chest30+,0.18826061615814285,0.2082165827669468,0.16036612443712536,
g1,ChestNone,0.5947871622593595,0.7060753746550399,0.7548754615703532,
g1,Chest<10,0.25123730344135076,0.20062006504610497,0.13606960677596522,
g1,Chest10_19,0.08687210404641364,0.025660254241349552,0.05452734882904323,
g1,Chest20_29,0.01756144892992316,0.0044802227077142065,0.004726772692456032,
g1,Chest30+,0.07578137728631146,0.08001592525369165,0.06672613521279826,
g2,ChestNone,0.3839064483144065,0.35417666193100633,0.31512785190547493,
g2,Chest<10,0.5290615901986215,0.5625283000645932,0.6073825324247466,
g2,Chest10_19,0.01716216740306191,0.02402696538657384,0.049065151138188795,
g2,Chest20_29,0.0058934731367965235,0.004797859641629223,0.008511613063539366,
g2,Chest30+,0.0936177933827421,0.07987781317976755,0.05455837881647801,
g3,ChestNone,0.3270929015199946,0.6037875389434547,0.6335982540535284,
g3,Chest<10,0.45154931362157336,0.24138004989303516,0.21845628646347715,
g3,Chest10_19,0.10466682373526716,0.11374940367269727,0.11684523064799414,
g3,Chest20_29,0.07228671265201313,0.042121892092789534,0.031822175750649405,
g3,Chest30+,0.06642671603227425,0.015303010093085313,0.012136860900520453,
g4,ChestNone,0.21643607296796227,0.5255564143383793,0.7794845925450635,
g4,Chest<10,0.6248259512920958,0.3874760944948861,0.14399737297699658,
g4,Chest10_19,0.06529253904790581,0.08990673150011068,0.081151976471762,
g4,Chest20_29,0.10170283425890987,0.009177036774395733,0.0019821119394615046,
g4,Chest30+,0.008370603376670071,0.003174575106920511,9.226413698574103E-4,
g5,ChestNone,0.10148727596591907,0.3024901753316085,0.5265011189857809,
g5,Chest<10,0.19629813205926883,0.15781602914803688,0.0883710942474747,
g5,Chest10_19,0.01572948650939168,0.06681869378281527,0.034996658697817144,
g5,Chest20_29,0.09684930608214092,0.16723494971399255,0.24681425656511533,
g5,Chest30+,0.6069273560939353,0.321821179428489,0.11911427686990957,
d0,ChestNone,0.1821459215099049,0.5182703683028812,0.7906183802182082,
d0,Chest<10,0.660756149569114,0.40791372164368106,0.15490698917032902,
d0,Chest10_19,0.0601435439506456,0.0754682438046456,0.05983421130731389,
d0,Chest20_29,0.10644687462779116,0.006504064088136707,0.0016001174242866371,
d0,Chest30+,0.008787766221912508,0.0033060981484145575,0.0010310556003969538,
d1,ChestNone,0.573812520836065,0.6408469821173167,0.746788679209292,
d1,Chest<10,0.35216071713342434,0.2189121024701748,0.050163896374024845,
d1,Chest10_19,0.11461424377665279,0.16963951554310147,0.20624271943729022,
d1,Chest20_29,0.008188595153616335,0.006603257749499463,0.006936028990955639,
d1,Chest30+,0.0075580303782845585,0.006332611519277049,0.0,
d2,ChestNone,0.4599301483407939,0.5033317008382218,0.5203993020675365,
d2,Chest<10,0.30519359504606736,0.315041576864575,0.06932173543901952,
d2,Chest10_19,0.15437177378684286,0.3797630498775463,0.46509596789091506,
d2,Chest20_29,0.17303119791282898,0.13878373687579978,0.0,
d2,Chest30+,0.0,0.0,0.0,
d3,ChestNone,0.055219062316006394,0.1376923228816882,0.24828228811444208,
d3,Chest<10,0.09171995285325842,0.07566428978366789,0.08615536164674444,
d3,Chest10_19,0.006653581314681393,0.03227557815892949,0.03582530138466967,
d3,Chest20_29,0.08460834640991369,0.24502118670594653,0.45256508201108375,
d3,Chest30+,0.779318855465737,0.530672782784309,0.20379463841766993,
d4,ChestNone,0.21542801134322748,0.5240641326367852,0.8594160938394604,
d4,Chest<10,0.4501821276550052,0.2695635936899186,0.093711330770751,
d4,Chest10_19,0.039242905802773134,0.11472332353610588,0.03629700782922288,
d4,Chest20_29,0.13124680024477473,0.06692000796198959,0.0031586995571652736,
d4,Chest30+,0.20500644845672794,0.0475935778990327,0.02070724790498555,
d5,ChestNone,0.34463928496003865,0.46221495421873454,0.7220825540593209,
d5,Chest<10,0.6465346776046392,0.5194005438538076,0.2662011428222925,
d5,Chest10_19,0.0,0.0,0.0,
d5,Chest20_29,0.0069221152023638014,0.008571983155384771,0.0023018075588134186,
d5,Chest30+,0.03890662838941195,0.03006045795080488,0.021972776398667786,
d6,ChestNone,0.0398138513657796,0.05456057977124075,0.1101221839701675,
d6,Chest<10,0.061783808569137164,0.04434061805795051,0.040748932238974,
d6,Chest10_19,0.029808745602175193,0.02390417708381011,0.025471482468994916,
d6,Chest20_29,0.2092960168395381,0.21890592068040196,0.33148423314080283,
d6,Chest30+,0.746064075057505,0.6998038312146081,0.5288445448448619,
d7,ChestNone,0.31081518598822694,0.2882150608925851,0.5217189501965042,
d7,Chest<10,0.4928774703420171,0.44395973526094556,0.4094522920561134,
d7,Chest10_19,0.0,0.013984841572167452,0.0,
d7,Chest20_29,0.12414229945174608,0.10815484938295064,0.01734885562263136,
d7,Chest30+,0.19278417592168598,0.19360755957216286,0.07964695583217243,
d8,ChestNone,0.3839064483144065,0.35417666193100633,0.31512785190547493,
d8,Chest<10,0.5290615901986215,0.5625283000645932,0.6073825324247466,
d8,Chest10_19,0.01716216740306191,0.02402696538657384,0.049065151138188795,
d8,Chest20_29,0.0058934731367965235,0.004797859641629223,0.008511613063539366,
d8,Chest30+,0.0936177933827421,0.07987781317976755,0.05455837881647801,
d9,ChestNone,0.14375333243323538,0.31589530324264165,0.4922509969617051,
d9,Chest<10,0.5652236453844838,0.457473351586691,0.2674253233068014,
d9,Chest10_19,0.14395315902433653,0.07007597404562914,0.1372960004004433,
d9,Chest20_29,0.03921764182064893,0.007766468819292629,0.013114557667695901,
d9,Chest30+,0.1701664168538229,0.19216275362587,0.13641580421032906,
d10,ChestNone,0.838305234655815,0.9424864647626124,0.9628093914037794,
d10,Chest<10,0.08312876257405721,0.05007577161070881,0.023828658796635083,
d10,Chest10_19,0.0637311965993814,0.002958047732537428,0.006579018335157884,
d10,Chest20_29,0.0062703733948375,0.0027709970076352447,0.0,
d10,Chest30+,0.0252214894205359,0.01330956475857723,0.012284456908973573,
d11,ChestNone,0.841296088803778,0.7051316544720068,0.4049013097547864,
d11,Chest<10,0.14803777531850237,0.18986329701600752,0.4015239453699368,
d11,Chest10_19,0.0,0.0,0.018746111674039157,
d11,Chest20_29,0.0,0.0,0.0,
d11,Chest30+,0.10534870226275138,0.10500504851198574,0.17482863320123765,
d12,ChestNone,0.2569856336184475,0.522617403137964,0.5454562171748251,
d12,Chest<10,0.5556553141504365,0.2920561921227326,0.27718877806317543,
d12,Chest10_19,0.11751577130763327,0.15632764692965706,0.1690326138277504,
d12,Chest20_29,0.05402551739514771,0.03802019279539221,0.0183714411651996,
d12,Chest30+,0.046219177792768185,0.011459819790268177,0.01207979603808957,
d13,ChestNone,0.4142137717984422,0.7147123853914998,0.7236354169691289,
d13,Chest<10,0.3341185931116384,0.17887430453120734,0.16338497359232296,
d13,Chest10_19,0.0937743384134664,0.06121946264788062,0.06680876172039278,
d13,Chest20_29,0.09779650261397504,0.049617091750209695,0.047275417907711524,
d13,Chest30+,0.09298355765509737,0.022072738822827957,0.012498694766435878,
-1,HeartNone,0.26004445104508617,0.4709021048723141,0.6639851311193432,
-1,Heart<5,0.44279535621470284,0.32585430462619097,0.17784159739214123,
-1,Heart5_14,0.07011498530010808,0.07451947625835413,0.07247282131937564,
-1,Heart15_34,0.12121100214332486,0.09404169673608358,0.08285885995861124,
-1,Heart35+,0.11528244935076082,0.04289834836751693,0.0093637670833899,
g0,HeartNone,0.280044887711763,0.34018645022165733,0.5301897792098481,
g0,Heart<5,0.509200926296037,0.4047403166618451,0.23569529276869372,
g0,Heart5_14,0.04375524544683138,0.020737738690642514,0.028348283427225607,
g0,Heart15_34,0.19894793444861666,0.2513814846173239,0.2166762755142347,
g0,Heart35+,0.0021275257979001877,8.65900703039048E-4,0.0036116179771439843,
g1,HeartNone,0.5947871622593595,0.7060753746550399,0.7642872206211446,
g1,Heart<5,0.26109675977459096,0.21695612600103378,0.13972934110518,
g1,Heart5_14,0.046787049501374786,0.03000718252428583,0.056025192788869756,
g1,Heart15_34,0.11683731277258547,0.05820063585369915,0.06047596535487117,
g1,Heart35+,0.0016152508135820153,0.005954953448360869,0.004469249047156259,
g2,HeartNone,0.38943841054937917,0.3611556960719618,0.3236946947995226,
g2,Heart<5,0.5598298006344702,0.5800721673299906,0.6181687313708747,
g2,Heart5_14,0.020721648539728698,0.03160657857657609,0.05170733919804483,
g2,Heart15_34,0.047350608071787384,0.050444216392026855,0.04325369628444391,
g2,Heart35+,0.010153121284955796,0.003787708290694455,0.0025238773691181778,
g3,HeartNone,0.3277760138927732,0.607336491174745,0.6373924597029083,
g3,Heart<5,0.46312111440829473,0.23235636372257196,0.21052989180244153,
g3,Heart5_14,0.09341845547791805,0.1357092263928594,0.1361813198817483,
g3,Heart15_34,0.1336899958221999,0.04035769415975918,0.03094812918564386,
g3,Heart35+,0.0023109744036728494,0.0,0.0,
g4,HeartNone,0.21749158451453654,0.5257337135096611,0.780768892604874,
g4,Heart<5,0.6189606755222236,0.38186628568337355,0.1426151332000768,
g4,Heart5_14,0.11430052463490599,0.0916087862650005,0.08018736229030507,
g4,Heart15_34,0.06513073958183821,0.016358986912298198,0.005208139991822859,
g4,Heart35+,4.766397703441668E-4,0.0,0.0,
g5,HeartNone,0.10231135502970018,0.3021071127574771,0.53202943905884,
g5,Heart<5,0.2145388503670952,0.1736803976157339,0.12082517538893243,
g5,Heart5_14,0.05195477421141416,0.07553714896230801,0.06611144854694972,
g5,Heart15_34,0.19269131421503524,0.22238181924604303,0.24027137207033827,
g5,Heart35+,0.45949382411666284,0.24432882652538607,0.06137891178574334,
d0,HeartNone,0.18306054812901335,0.5187978509885344,0.7917373717557635,
d0,Heart<5,0.6571673914214244,0.4040531295055147,0.15414498245902084,
d0,Heart5_14,0.10732481675186631,0.07558583582750436,0.05940982785670788,
d0,Heart15_34,0.06912620541279087,0.014210551930887893,0.0043178382615502164,
d0,Heart35+,5.319842527827882E-4,0.0,0.0,
d1,HeartNone,0.573812520836065,0.6381333673907934,0.7512563422007469,
d1,Heart<5,0.31208428995199256,0.20537850321432313,0.043514893170175366,
d1,Heart5_14,0.15586172264552017,0.17295290832452664,0.2123653706717478,
d1,Heart15_34,0.008188595153616335,0.025682317241687205,0.012007787675764329,
d1,Heart35+,0.0,0.0,0.0,
d2,HeartNone,0.4599301483407939,0.5033317008382217,0.5307372401716509,
d2,Heart<5,0.2910085014574824,0.2757137059542603,0.07002705190889127,
d2,Heart5_14,0.23505904499120508,0.4316178278596993,0.43556131259647857,
d2,Heart15_34,0.07975277133022139,0.11933471201940596,0.029766365792079263,
d2,Heart35+,0.0,0.0,0.0,
d3,HeartNone,0.05561873963941404,0.13739175535284986,0.2552100461290946,
d3,Heart<5,0.10326960830160647,0.09666904324191339,0.1478785406659692,
d3,Heart5_14,0.030821800671822636,0.048702950715815624,0.08911275197187374,
d3,Heart15_34,0.20682807087543503,0.3291991175315896,0.4315492838912608,
d3,Heart35+,0.6259916502773619,0.41358948947770957,0.11107849978997901,
d4,HeartNone,0.21743526399348428,0.523831632967447,0.8640285281378429,
d4,Heart<5,0.48396931710299734,0.27846478417906273,0.09234778510327017,
d4,Heart5_14,0.1051162502595743,0.11388648019953176,0.0416088108874107,
d4,Heart15_34,0.16699964396458747,0.08449594172274781,0.016482569443746112,
d4,Heart35+,0.06898554181650215,0.021485930410070377,0.0025233481592550062,
d5,HeartNone,0.34616009035965833,0.4658796695405704,0.7246135490103229,
d5,Heart<5,0.650253703903916,0.5223340678042531,0.263816554623341,
d5,Heart5_14,0.010035339823772617,0.0011877258800584592,0.0036169426612405464,
d5,Heart15_34,0.025652377458738468,0.030622993350247242,0.021289796711188334,
d5,Heart35+,0.0031447619301004153,0.0,0.0014004168392594285,
d6,HeartNone,0.039813851365779585,0.054560579771240784,0.1128507234787633,
d6,Heart<5,0.06178380856913713,0.07622956846375048,0.06659003290660884,
d6,Heart5_14,0.11512074932158174,0.059747914151898146,0.09184519964745094,
d6,Heart15_34,0.8378003024997227,0.8396330015843809,0.7522653544548286,
d6,Heart35+,0.0,0.0037455142986341844,0.009614388000121214,
d7,HeartNone,0.3265556859421052,0.2926176216994793,0.5294428953447389,
d7,Heart<5,0.47276686446042665,0.4454221075018267,0.4065801182014194,
d7,Heart5_14,0.13847430355058876,0.04537639250266831,0.020280370872998738,
d7,Heart15_34,0.19899158561398883,0.2632266308784664,0.07718031431751597,
d7,Heart35+,0.0,0.0,0.002111016568732182,
d8,HeartNone,0.38943841054937917,0.3611556960719618,0.3236946947995226,
d8,Heart<5,0.5598298006344702,0.5800721673299906,0.6181687313708747,
d8,Heart5_14,0.020721648539728698,0.03160657857657609,0.05170733919804483,
d8,Heart15_34,0.047350608071787384,0.050444216392026855,0.04325369628444391,
d8,Heart35+,0.010153121284955796,0.003787708290694455,0.0025238773691181778,
d9,HeartNone,0.14375333243323538,0.3158953032426417,0.5032858944506458,
d9,Heart<5,0.5934968954284506,0.4930066853764406,0.2856940519944102,
d9,Heart5_14,0.08772581682514564,0.0684179104666491,0.14611818078438268,
d9,Heart15_34,0.21940454804504753,0.14701193126534706,0.12024447548881266,
d9,Heart35+,0.004614451404182242,0.016413484248004654,0.012400051403735,
d10,HeartNone,0.838305234655815,0.9424864647626124,0.9719743118062191,
d10,Heart<5,0.08312876257405721,0.05239217529426971,0.016075431382869612,
d10,Heart5_14,0.02970293734973509,0.00776655077191386,0.0035017695729933625,
d10,Heart15_34,0.06555591718014465,0.0059976073107377076,0.016367185953869077,
d10,Heart35+,0.0,0.0,0.0,
d11,HeartNone,0.841296088803778,0.7051316544720068,0.42723157979542065,
d11,Heart<5,0.14803777531850237,0.22652984024573727,0.43897646040480265,
d11,Heart5_14,0.0,0.03436041131909895,0.018746111674039157,
d11,Heart15_34,0.10534870226275138,0.03397809396315709,0.15970638820700606,
d11,Heart35+,0.0,0.0,0.0,
d12,HeartNone,0.2584213227831227,0.5239993462402499,0.5465563433494364,
d12,Heart<5,0.5492977193073915,0.2869309613186055,0.2775139539201829,
d12,Heart5_14,0.09923414972948993,0.17272272627138419,0.1755139262647809,
d12,Heart15_34,0.12136994766590609,0.03580705779681649,0.024406798924615,
d12,Heart35+,0.0,0.0,0.0,
d13,HeartNone,0.4142137717984421,0.7230660734179021,0.7310324986912872,
d13,Heart<5,0.3657601466289089,0.1639131020754927,0.14762869179041704,
d13,Heart5_14,0.09110583963925256,0.09156167773453072,0.09985581711295313,
d13,Heart15_34,0.152291439981813,0.04843578167067479,0.03874538613750246,
d13,Heart35+,0.005043074518527731,0.0,0.0,
-1,CRTNone,0.25760085445392233,0.4699015706132091,0.661676859510888,
-1,CRT<20,0.44099696261557875,0.35828390179508146,0.2219256874670867,
-1,CRT20_29,0.1845457231224049,0.05449479334773303,0.02557873164454614,
-1,CRT30_49,0.05065011835176872,0.03144494831496326,0.013872012378434783,
-1,CRT50+,0.07550406935495561,0.09314021065014431,0.0821276582847569,
g0,CRTNone,0.2786312272341278,0.33976029017828013,0.5311383689725779,
g0,CRT<20,0.045212481084168414,0.026638309601130793,0.02541144658512316,
g0,CRT20_29,0.004150684747733638,0.003562111841037788,0.0029214923430160838,
g0,CRT30_49,0.1830906260098131,0.07755723084265985,0.025018121927198617,
g0,CRT50+,0.5263783587655015,0.5697378302792565,0.4279353527712909,
g1,CRTNone,0.5854727292078263,0.7050498433476405,0.7572178103451078,
g1,CRT<20,0.40313738183599374,0.28491366711073346,0.2249119918494504,
g1,CRT20_29,0.004810762270998865,0.0,0.0016350481873602543,
g1,CRT30_49,0.010610359452873247,0.0152897270909527,0.015667211660702063,
g1,CRT50+,0.015060154221803351,0.006164526973388416,0.013389537959686148,
g2,CRTNone,0.3811540648489494,0.35333281828800245,0.3164035291683838,
g2,CRT<20,0.4531140431925346,0.4634658349380942,0.4515303249150876,
g2,CRT20_29,0.01022607336958379,0.013428010309551017,0.01989064546480836,
g2,CRT30_49,0.050190129030716873,0.10487683321744327,0.10056157877061192,
g2,CRT50+,0.13582968855752953,0.09269973573546902,0.15279157111305736,
g3,CRTNone,0.32656508172203813,0.6037875389434549,0.6339640231785015,
g3,CRT<20,0.667592318310548,0.3834023216144448,0.35601237746221737,
g3,CRT20_29,0.009462541206934093,0.0060153345074807196,0.014323109670177912,
g3,CRT30_49,0.00406218475867958,0.013239896859466182,0.004805294232138051,
g3,CRT50+,0.0065453175422088795,0.0068080852523943565,0.0011295217845984586,
g4,CRTNone,0.21683503512517682,0.5257309029531876,0.7785559882385226,
g4,CRT<20,0.1935803265184179,0.3512435981102735,0.171696425672078,
g4,CRT20_29,0.5435816849014767,0.11472760632397253,0.04818517238103098,
g4,CRT30_49,0.05965321085487065,0.021469068456863447,0.009088803520885817,
g4,CRT50+,0.004332167949137797,2.663373532657952E-4,0.0,
g5,CRTNone,0.10056555837362599,0.30246711547478616,0.5259237685776663,
g5,CRT<20,0.8118492496414419,0.6463942252278568,0.46737318390099086,
g5,CRT20_29,0.06486266162709492,0.04321922248245932,0.007048186260573171,
g5,CRT30_49,0.02918541862311393,0.014687738246967754,0.0077333741389234364,
g5,CRT50+,0.004794399584477872,0.003689876359295034,0.00213411581166416,
d0,CRTNone,0.18232776425732503,0.5183872486987655,0.789649887145266,
d0,CRT<20,0.19277354906012906,0.35234570969946516,0.15835622879216407,
d0,CRT20_29,0.5776134859232639,0.11838773399228995,0.050846062015015306,
d0,CRT30_49,0.06185361186615255,0.022409379588002248,0.00931606320759932,
d0,CRT50+,0.004835192681650344,2.9954887148364497E-4,0.0,
d1,CRTNone,0.573812520836065,0.6408469821173166,0.746788679209292,
d1,CRT<20,0.2076073914725505,0.30757863694867227,0.23433794418000464,
d1,CRT20_29,0.2323120532448069,0.07104789110243304,0.027211105407226804,
d1,CRT30_49,0.0574963352911178,0.019883979758006074,0.004451614296783782,
d1,CRT50+,0.0,0.0,0.0,
d2,CRTNone,0.45993014834079393,0.5033317008382217,0.5203993020675364,
d2,CRT<20,0.2402197457883564,0.5168618638685039,0.4685550378344435,
d2,CRT20_29,0.33066599103918903,0.19913606003566864,0.04232968835747179,
d2,CRT30_49,0.04824156156528006,0.027951928618657366,0.023414145246944993,
d2,CRT50+,0.0,0.0,0.0,
d3,CRTNone,0.05388819842163416,0.13756205669648275,0.248282288114442,
d3,CRT<20,0.9297304699389286,0.8654173841793572,0.7616412752180729,
d3,CRT20_29,0.006060049152552074,0.003025987278645623,0.0041520564564782965,
d3,CRT30_49,0.016291947795460365,0.0037775600458613886,0.0,
d3,CRT50+,0.0,0.0,0.0,
d4,CRTNone,0.21446290765655765,0.5240641326367849,0.8581550298424793,
d4,CRT<20,0.5351975004274467,0.36015949016150184,0.12213865217980971,
d4,CRT20_29,0.2061386190001164,0.09632939648518991,0.01086558819665229,
d4,CRT30_49,0.06249731604757226,0.030637893934311246,0.01689143986860426,
d4,CRT50+,0.016134651990479722,0.008571034150452624,0.004661392072565757,
d5,CRTNone,0.34463928496003854,0.4658815485979497,0.725861386794552,
d5,CRT<20,0.042403475531606345,0.021486731586199747,0.017571256867271116,
d5,CRT20_29,0.0,0.002975378752617231,0.002654872386315196,
d5,CRT30_49,0.16679166290222225,0.07136487906662908,0.02064365142412482,
d5,CRT50+,0.49108806297307367,0.46190213829799354,0.2471117781311282,
d6,CRTNone,0.039813851365779605,0.05456057977124078,0.11338774014007777,
d6,CRT<20,0.018230870255631828,0.0280061440173339,0.043738869186111334,
d6,CRT20_29,0.014286685932082707,0.006804760561345796,0.0,
d6,CRT30_49,0.26277776097808886,0.07942443129922437,0.03302128055844436,
d6,CRT50+,0.7254785013890614,0.8672951847352587,0.8365955465056584,
d7,CRTNone,0.32110684098195164,0.28821506089258503,0.5290710536155303,
d7,CRT<20,0.12075472821964431,0.05306852589863955,0.03238683410013332,
d7,CRT20_29,0.010786702816790058,0.004369683822108997,0.00795248092655301,
d7,CRT30_49,0.20602943384738814,0.11453825884852117,0.03566450149877523,
d7,CRT50+,0.46990612780254626,0.5741195553091663,0.43294530773569384,
d8,CRTNone,0.3811540648489494,0.35333281828800245,0.3164035291683838,
d8,CRT<20,0.4531140431925346,0.4634658349380942,0.4515303249150876,
d8,CRT20_29,0.01022607336958379,0.013428010309551017,0.01989064546480836,
d8,CRT30_49,0.050190129030716873,0.10487683321744327,0.10056157877061192,
d8,CRT50+,0.13582968855752953,0.09269973573546902,0.15279157111305736,
d9,CRTNone,0.14365706905255868,0.3178209241546333,0.492250996961705,
d9,CRT<20,0.816292579245062,0.6584462993918986,0.4891965159817894,
d9,CRT20_29,0.013743394233226621,0.0,0.0,
d9,CRT30_49,0.030311693802903803,0.04214267952551662,0.027995675547711655,
d9,CRT50+,0.04302387543262674,0.008693480158557329,0.023244921155657683,
d10,CRTNone,0.8230210234086102,0.939528417030075,0.9669119806941755,
d10,CRT<20,0.1842084887692104,0.06113855027543076,0.030110937199323947,
d10,CRT20_29,0.0,0.0,0.0,
d10,CRT30_49,0.0,0.0,0.0026842915985851334,
d10,CRT50+,0.0,0.005017783101490523,0.008497969088707175,
d11,CRTNone,0.8412960888037782,0.7051316544720068,0.4049013097547864,
d11,CRT<20,0.20604519438873783,0.2948683455279933,0.4890125783360813,
d11,CRT20_29,0.0,0.0,0.023822653643853782,
d11,CRT30_49,0.0,0.0,0.058926609231208314,
d11,CRT50+,0.0,0.0,0.023336849034070205,
d12,CRTNone,0.2569856336184477,0.5226174031379639,0.5447965982566263,
d12,CRT<20,0.7566607562387675,0.48756944078726433,0.4664245143000601,
d12,CRT20_29,0.0,0.0,0.0012796173603801721,
d12,CRT30_49,0.0,0.0015759242969897239,0.002565563322625347,
d12,CRT50+,0.0,0.0,0.0,
d13,CRTNone,0.4130016379021715,0.7147123853914996,0.725246836842573,
d13,CRT<20,0.5657398298079517,0.25057028734962916,0.24987108002572,
d13,CRT20_29,0.020649428381969828,0.0139565261461696,0.02724950019746894,
d13,CRT30_49,0.00886461590119315,0.02863818290188731,0.0082823437607132,
d13,CRT50+,0.014283379366004849,0.015795833084964656,0.0022489029556852047,
-1,OvaryNone,0.2729277359012736,0.49653710941047313,0.6813577653993941,
-1,Ovary<10,0.6568261293606208,0.4619123519551937,0.27153174490513243,
-1,Ovary10-19,0.028112010109722693,0.03733375004886074,0.04898530340135668,
-1,Ovary20+,0.05055999864215578,0.011942020762106079,0.005020828268340946,
g0,OvaryNone,0.28097775251204044,0.3602189879233967,0.578159305279219,
g0,Ovary<10,0.7220632760604695,0.6335260354953185,0.4288096017610068,
g0,Ovary10-19,0.023989877615116072,0.02053692303791508,0.005713655070078268,
g0,Ovary20+,0.013040936945158753,0.00823357817618813,0.003246656068772694,
g1,OvaryNone,0.5955840619610618,0.7516946283761109,0.7701346683030795,
g1,Ovary<10,0.4018455187036786,0.24441791440611235,0.20712801452099525,
g1,Ovary10-19,0.003957386738401233,0.005408682067935475,0.026585069268523116,
g1,Ovary20+,0.01551051168228318,0.01776411449679627,0.019210595150685208,
g2,OvaryNone,0.4251255214172836,0.3652613558609298,0.294888325425416,
g2,Ovary<10,0.5223768749870934,0.5598225930455867,0.6714768836087148,
g2,Ovary10-19,0.014281705721529224,0.018457129678725114,0.02903925725865779,
g2,Ovary20+,0.0663289993408193,0.08917007525802427,0.055559211732125864,
g3,OvaryNone,0.3376723140564862,0.5931690938032964,0.6380662252558842,
g3,Ovary<10,0.5329699252080826,0.3361872409911962,0.270101401411115,
g3,Ovary10-19,0.05920829729719231,0.08202849590073494,0.10948218697459512,
g3,Ovary20+,0.09343024318576167,0.006704273212335053,0.00674003788175177,
g4,OvaryNone,0.22762740871606132,0.5734895735611671,0.8180886093303894,
g4,Ovary<10,0.7338992511452255,0.39534394951853097,0.12931084252159888,
g4,Ovary10-19,0.03983358944885704,0.044841169526102474,0.061252767935892787,
g4,Ovary20+,0.012096214172381999,0.0,0.0,
g5,OvaryNone,0.09774792770472512,0.2625713252533145,0.4764558723355091,
g5,Ovary<10,0.802018885648715,0.720126731075081,0.5148561601992974,
g5,Ovary10-19,0.016979996304649917,0.018890464761651425,0.022628774534362413,
g5,Ovary20+,0.10062789801160384,0.015871045179104915,0.0050114255626355735,
d0,OvaryNone,0.19199980480370005,0.5700368594439399,0.8359292356398554,
d0,Ovary<10,0.7747419349741984,0.41768233400118876,0.13970271856740127,
d0,Ovary10-19,0.03716898136199681,0.026098956588422987,0.03329310584753053,
d0,Ovary20+,0.010904000548297727,0.0,0.0,
d1,OvaryNone,0.5860558256709135,0.655982275479952,0.7531547268614851,
d1,Ovary<10,0.35275844699617936,0.24277961417959945,0.06108798202416448,
d1,Ovary10-19,0.04617435530884961,0.14724996222547732,0.21123738458466854,
d1,Ovary20+,0.015011372024057648,0.0,0.0,
d2,OvaryNone,0.3670811283920397,0.5103925299450686,0.4839860497251513,
d2,Ovary<10,0.5635745887503719,0.23185004963503372,0.07063979393041639,
d2,Ovary10-19,0.1014949575786401,0.4790991001242977,0.5660960859681712,
d2,Ovary20+,0.03401930686779618,0.0,0.0,
d3,OvaryNone,0.06565504095337095,0.13586525154228793,0.26130646264516305,
d3,Ovary<10,0.8398235572765971,0.8498728483847907,0.7408062607390191,
d3,Ovary10-19,0.017064682522070756,0.014231212925368372,0.01592680573513858,
d3,Ovary20+,0.09521692311565716,0.019663940681014475,0.007784654671979967,
d4,OvaryNone,0.22298529254729324,0.5164056370954634,0.8703004299375332,
d4,Ovary<10,0.6864738027100268,0.47582327705541416,0.11517041381135994,
d4,Ovary10-19,0.020856577702042235,0.033641455403052745,0.03936153000402191,
d4,Ovary20+,0.11927015217025341,0.008543251599734113,0.0,
d5,OvaryNone,0.3533783414507681,0.48579748636905706,0.7352552556810555,
d5,Ovary<10,0.6892655995722983,0.5421362148281745,0.28026650030316547,
d5,Ovary10-19,0.0,0.0,0.0,
d5,Ovary20+,0.0,0.0,0.0016159670184120235,
d6,OvaryNone,0.050857650027781046,0.09102959792445697,0.14492170646725938,
d6,Ovary<10,0.8693663203477717,0.8366488105432984,0.8577556281560632,
d6,Ovary10-19,0.10011737805144012,0.09305206102704316,0.02779500521911083,
d6,Ovary20+,0.056452954664887874,0.031184716035932893,0.010994179296481383,
d7,OvaryNone,0.22393246254394727,0.25514247939986656,0.5668081493526644,
d7,Ovary<10,0.7353590704940424,0.7567788250244798,0.46998727150817565,
d7,Ovary10-19,0.06489298674916584,0.018650427811007318,0.0,
d7,Ovary20+,0.03251190249935854,0.010963303838997083,0.0,
d8,OvaryNone,0.4251255214172836,0.3652613558609298,0.294888325425416,
d8,Ovary<10,0.5223768749870934,0.5598225930455867,0.6714768836087148,
d8,Ovary10-19,0.014281705721529224,0.018457129678725114,0.02903925725865779,
d8,Ovary20+,0.0663289993408193,0.08917007525802427,0.055559211732125864,
d9,OvaryNone,0.14799868861898569,0.35761078269285423,0.5213160781519515,
d9,Ovary<10,0.8366052784747967,0.6302351707562782,0.43132469531085693,
d9,Ovary10-19,0.011380341362690793,0.016910121436686958,0.06188909648381321,
d9,Ovary20+,0.04460390892341679,0.05553909983669977,0.04336257078451302,
d10,OvaryNone,0.8407737544953565,0.9603724566441357,0.9814896087905812,
d10,Ovary<10,0.1702277164343535,0.043766270103954515,0.028529887890696052,
d10,Ovary10-19,0.0,0.0,0.0,
d10,Ovary20+,0.0,0.0,0.0,
d11,OvaryNone,0.8320446325221503,0.5702127154393336,0.40819337014862145,
d11,Ovary<10,0.24691762770756814,0.4297872845606665,0.49730504320843694,
d11,Ovary10-19,0.0,0.0,0.05001480862984206,
d11,Ovary20+,0.0,0.0,0.04448677801309957,
d12,OvaryNone,0.2599179091990648,0.507833613155675,0.5551059056975814,
d12,Ovary<10,0.5586367114988933,0.40522274525403107,0.34250749895385807,
d12,Ovary10-19,0.0823851434217176,0.10493919569006868,0.13668068781055698,
d12,Ovary20+,0.1336247907416171,0.00901685629121299,0.0041194687277471805,
d13,OvaryNone,0.4358308714476919,0.71401259251681,0.7430693008504956,
d13,Ovary<10,0.5089833426980511,0.25040515735155866,0.18928880359537115,
d13,Ovary10-19,0.037352246160261705,0.05518299741176306,0.08233768561086648,
d13,Ovary20+,0.04633468387078621,0.003535925091336844,0.009869868910626772,
-1,AbdPelNone,0.258186606380184,0.46969061375710586,0.661619944885918,
-1,AbdPel<15,0.44316469277864456,0.3667315832608518,0.2371761236903368,
-1,AbdPel15_24,0.07963025648668899,0.06307176449710418,0.044044607330663114,
-1,AbdPel25_34,0.07445535540407718,0.03175627974850277,0.017021566788785417,
-1,AbdPel35+,0.15418167419038528,0.07613679427647073,0.04547831939869212,
g0,AbdPelNone,0.277351992681488,0.3373368936326822,0.5271218329646572,
g0,AbdPel<15,0.5057386190399322,0.39374388385814346,0.22847315463289555,
g0,AbdPel15_24,0.027554613701119057,0.03742025152797453,0.07642421926849488,
g0,AbdPel25_34,0.09287606991590787,0.08961976435031324,0.028556126405044527,
g0,AbdPel35+,0.1375980378195814,0.1616639444874826,0.1537186332025661,
g1,AbdPelNone,0.590696433127181,0.70438336038836,0.7563563622987297,
g1,AbdPel<15,0.3204868796891816,0.18160918394997277,0.14943057839837723,
g1,AbdPel15_24,0.006079932895244446,0.007423501559815985,0.012470838009222258,
g1,AbdPel25_34,0.009216924786800626,0.0024849665606371165,0.0017987625276007237,
g1,AbdPel35+,0.09330548179051518,0.11871010134003357,0.09378735936171052,
g2,AbdPelNone,0.3811540648489495,0.3556367889049614,0.3145266661496014,
g2,AbdPel<15,0.42999768321064963,0.4304281560565382,0.48701037014736076,
g2,AbdPel15_24,0.011536039308296336,0.0032526725483482495,0.011352412833561986,
g2,AbdPel25_34,0.032434683830440514,0.03356872619831732,0.017280687497669964,
g2,AbdPel35+,0.1748583716194513,0.20656660791200837,0.20584230857222008,
g3,AbdPelNone,0.3269136512543517,0.6041383035991691,0.6353606374075108,
g3,AbdPel<15,0.15982710809115674,0.19555744105946687,0.25245533786607444,
g3,AbdPel15_24,0.19386859857760566,0.1569835818508945,0.08481664361242189,
g3,AbdPel25_34,0.20993280937662134,0.04236224228854419,0.03108083469500643,
g3,AbdPel35+,0.13312562121694874,0.017956927706105255,0.009770999315188671,
g4,AbdPelNone,0.21643607296796255,0.52555641433838,0.7798959509052965,
g4,AbdPel<15,0.6681673909810348,0.4475565580083214,0.20764140011262816,
g4,AbdPel15_24,0.10477175206753483,0.03688242808923395,0.01814769205839259,
g4,AbdPel25_34,0.02175112104814596,0.0010027183649755328,6.112255405344876E-4,
g4,AbdPel35+,0.004600477529297557,0.001003553409612405,0.0,
g5,AbdPelNone,0.1016837132430687,0.3025377810369803,0.5261186354993718,
g5,AbdPel<15,0.36454469288500196,0.37014794627869996,0.32527602427236246,
g5,AbdPel15_24,0.06811591667326641,0.12238367924741547,0.07585018179674648,
g5,AbdPel25_34,0.10300775811845062,0.05932304092978684,0.051704329435153316,
g5,AbdPel35+,0.3819662350692062,0.16223749988756178,0.03702660427110262,
d0,AbdPelNone,0.1821459215099051,0.5182703683028813,0.7911372261770488,
d0,AbdPel<15,0.6960740940559115,0.4541250396911366,0.19717439380753196,
d0,AbdPel15_24,0.1109856892444012,0.035693895961773636,0.01816142226078555,
d0,AbdPel25_34,0.022457580159872138,8.71452577912746E-4,5.178562459915088E-4,
d0,AbdPel35+,0.005134656722203835,5.411777968335178E-4,0.0,
d1,AbdPelNone,0.5738125208360652,0.6408469821173167,0.746788679209292,
d1,AbdPel<15,0.4513113402590971,0.3450029328409618,0.2471618517857061,
d1,AbdPel15_24,0.008507214875648195,0.04452970147699088,0.014608977525684042,
d1,AbdPel25_34,0.0157466255319009,0.002762581662931271,0.001863338362853443,
d1,AbdPel35+,0.0,0.0063326115192770495,0.0,
d2,AbdPelNone,0.4599301483407939,0.5033317008382218,0.5203993020675366,
d2,AbdPel<15,0.44492175579572185,0.606184329447352,0.4849858971232413,
d2,AbdPel15_24,0.14477727523192815,0.12381438060606972,0.04882861584614901,
d2,AbdPel25_34,0.02855015439050722,0.0,0.0,
d2,AbdPel35+,0.0,0.0,0.0,
d3,AbdPelNone,0.05496814869329707,0.1377246026141355,0.2487767480452544,
d3,AbdPel<15,0.3135774026280054,0.3552613713018164,0.49687436145808256,
d3,AbdPel15_24,0.048439513981902965,0.17158623141593024,0.12819079935636504,
d3,AbdPel25_34,0.10743912010851524,0.0852050743399635,0.09396949760592978,
d3,AbdPel35+,0.4973091260007446,0.27509514564557447,0.0607811847114256,
d4,AbdPelNone,0.21707676290978536,0.524064132636785,0.8581550298424795,
d4,AbdPel<15,0.4927876946409255,0.3938059628649535,0.12593104203607772,
d4,AbdPel15_24,0.12004906305073404,0.06001668205133886,0.015979917048631578,
d4,AbdPel25_34,0.09656215628276513,0.027073749920779867,0.0025378041968141768,
d4,AbdPel35+,0.1160075242699099,0.014446667000108838,0.010243374680034988,
d5,AbdPelNone,0.3446392849600387,0.46221495421873465,0.7220825540593209,
d5,AbdPel<15,0.6512658336114486,0.5249362599403046,0.2671358451525926,
d5,AbdPel15_24,0.006922115202363803,0.004613018318262027,7.295836360277072E-4,
d5,AbdPel25_34,0.005848598079426354,0.00828228400662152,7.094536441531247E-4,
d5,AbdPel35+,0.026517225245337662,0.021278991834775093,0.02056696219813174,
d6,AbdPelNone,0.03981385136577961,0.05456057977124077,0.1101221839701675,
d6,AbdPel<15,0.06178380856913717,0.05352902343432885,0.042403839702625436,
d6,AbdPel15_24,0.10693141430239896,0.11038517093908078,0.2945643962353645,
d6,AbdPel25_34,0.3826855457575802,0.2972823769064041,0.10793479379807006,
d6,AbdPel35+,0.506715926120316,0.5352630455904775,0.48270641391999763,
d7,AbdPelNone,0.31081518598822694,0.2882150608925851,0.5217189501965042,
d7,AbdPel<15,0.440061811675885,0.40675346259961054,0.38604176161617304,
d7,AbdPel15_24,0.04438779896638288,0.06356221321256474,0.005438241356840105,
d7,AbdPel25_34,0.13982298724740128,0.1126994386609911,0.002812139233074812,
d7,AbdPel35+,0.20975910362679107,0.17653426869638325,0.11290974731407849,
d8,AbdPelNone,0.3811540648489495,0.3556367889049614,0.3145266661496014,
d8,AbdPel<15,0.42999768321064963,0.4304281560565382,0.48701037014736076,
d8,AbdPel15_24,0.011536039308296336,0.0032526725483482495,0.011352412833561986,
d8,AbdPel25_34,0.032434683830440514,0.03356872619831732,0.017280687497669964,
d8,AbdPel35+,0.1748583716194513,0.20656660791200837,0.20584230857222008,
d9,AbdPelNone,0.1436570690525586,0.31589530324264176,0.4922509969617051,
d9,AbdPel<15,0.6359694373063791,0.4008417585896293,0.28637005996808323,
d9,AbdPel15_24,0.011396511037793253,0.008476416875723546,0.022835812802168023,
d9,AbdPel25_34,0.02111460814742986,0.003362202664933538,0.0049907148986368475,
d9,AbdPel35+,0.235475240892659,0.30782791416921734,0.2309726312930477,
d10,AbdPelNone,0.8318377133836014,0.9395284170300752,0.9654031671616248,
d10,AbdPel<15,0.15904509025040928,0.05216948080400567,0.028053792132289777,
d10,AbdPel15_24,0.0034195557840352464,0.009740712364968599,0.010117741706518671,
d10,AbdPel25_34,0.0,0.0,0.0,
d10,AbdPel35+,0.014135018244904249,0.007204187940484445,0.0019268244441127673,
d11,AbdPelNone,0.841296088803778,0.7051316544720069,0.4049013097547864,
d11,AbdPel<15,0.14803777531850237,0.18823364419137548,0.4575626130157562,
d11,AbdPel15_24,0.0,0.0,0.0,
d11,AbdPel25_34,0.04734128319251592,0.0339780939631571,0.0,
d11,AbdPel35+,0.058007419070235454,0.07265660737346075,0.13753607722945735,
d12,AbdPelNone,0.25842132278312274,0.5230897248141713,0.5462049406681808,
d12,AbdPel<15,0.05358046039778598,0.21095129046928265,0.3954710317900202,
d12,AbdPel15_24,0.209773461149132,0.22077551266500423,0.04306562822257971,
d12,AbdPel25_34,0.3152380553602795,0.04514730889436543,0.023816168053556384,
d12,AbdPel35+,0.19802928333343633,0.02186272529939361,0.014226979522295742,
d13,AbdPelNone,0.4130016379021715,0.7147123853914998,0.7265991228054784,
d13,AbdPel<15,0.28952611226717817,0.1794628781574761,0.11343088988209206,
d13,AbdPel15_24,0.17951136469885964,0.07639438631601886,0.1280739955273905,
d13,AbdPel25_34,0.0899895080288681,0.04222043802819929,0.04023650609083425,
d13,AbdPel35+,0.05904905844578787,0.014459414516306248,0.006724113077673177,
-1,MaxRTNone,0.26168741559639785,0.4768873617695721,0.6686866703487526,
-1,MaxRT<20,0.08701655304642783,0.17427760697530834,0.1131201677099151,
-1,MaxRT20_29,0.23768887082806098,0.11157746879510418,0.07536519226259414,
-1,MaxRT30+,0.4218671589443563,0.24436813852332082,0.14789677217053968,
g0,MaxRTNone,0.27925991049541943,0.3397602901782799,0.5311383689725783,
g0,MaxRT<20,0.003445703291308023,0.003545003115930059,0.005484681438038819,
g0,MaxRT20_29,0.0014504471810242719,0.0047245409184560805,0.0032051463897761418,
g0,MaxRT30+,0.7394377280374584,0.6650257387082037,0.47037830332872355,
g1,MaxRTNone,0.5947871622593595,0.7084133485641851,0.7602565817540254,
g1,MaxRT<20,0.04690098885034976,0.019758426671091078,0.026386773294510422,
g1,MaxRT20_29,0.007379846119045941,0.0033149247768174818,0.005623891309384074,
g1,MaxRT30+,0.36557242403271223,0.28021894731980546,0.22162673922959197,
g2,MaxRTNone,0.38635345969056184,0.3640478188446909,0.31722225713463936,
g2,MaxRT<20,0.008888470646980172,0.012037548187974147,0.02114117732172632,
g2,MaxRT20_29,0.02445801355842932,0.014787897015950485,0.012923007024777002,
g2,MaxRT30+,0.6051030878459369,0.63143609496976,0.6773190545171612,
g3,MaxRTNone,0.3277760138927728,0.6055650822353316,0.637256004517466,
g3,MaxRT<20,0.15866889494911873,0.18553378063832637,0.23600246908032063,
g3,MaxRT20_29,0.2440796792313375,0.15944091545501965,0.09838089304772127,
g3,MaxRT30+,0.29073938120960313,0.06516635990736068,0.04099294027268062,
g4,MaxRTNone,0.22207367508681433,0.5390764812673459,0.791416318157258,
g4,MaxRT<20,0.17910588512496456,0.33259755448673395,0.15650914230491342,
g4,MaxRT20_29,0.5452181129123307,0.11793842423883459,0.04956407865071383,
g4,MaxRT30+,0.07110369420070897,0.023985846790559318,0.009933829799711266,
g5,MaxRTNone,0.10498942571829427,0.3047092967683829,0.5306472249194086,
g5,MaxRT<20,0.023538230595610537,0.08498306269470768,0.06050464035235052,
g5,MaxRT20_29,0.13992659650504022,0.24005692535994524,0.28022189439911005,
g5,MaxRT30+,0.7454221751831047,0.3840853974394458,0.14282305957630942,
d0,MaxRTNone,0.18738247697675148,0.5331073951874429,0.8037042666178529,
d0,MaxRT<20,0.18007015929556514,0.3338975251287993,0.14251944531848695,
d0,MaxRT20_29,0.5772488138753687,0.1196852692409679,0.05169852446483451,
d0,MaxRT30+,0.07394496504244102,0.025002393559848356,0.010040209687439138,
d1,MaxRTNone,0.573812520836065,0.644718266587787,0.746788679209292,
d1,MaxRT<20,0.2000493610942659,0.29402319218284767,0.22748246154758742,
d1,MaxRT20_29,0.2323120532448069,0.07884698693122942,0.03158304546269079,
d1,MaxRT30+,0.06505436566940236,0.022491251161535723,0.006935156873737035,
d2,MaxRTNone,0.4774648496401189,0.5033317008382217,0.5293523677456052,
d2,MaxRT<20,0.1737595551400378,0.47449626841843423,0.4514131093430768,
d2,MaxRT20_29,0.37959148038818274,0.2529367643513448,0.05323132230259716,
d2,MaxRT30+,0.04824156156528006,0.027951928618657366,0.023414145246944993,
d3,MaxRTNone,0.05859559760203377,0.13871428309477404,0.25266286294171725,
d3,MaxRT<20,0.009126469653544377,0.03452750127385895,0.05138798765859937,
d3,MaxRT20_29,0.07834296209740269,0.25944902911277434,0.5020286090431025,
d3,MaxRT30+,0.8661445148801549,0.5854731332081498,0.21839257165987064,
d4,MaxRTNone,0.21946735563987205,0.5277990406828379,0.8637248930320555,
d4,MaxRT<20,0.05943570955953615,0.15356692961485763,0.07400535893850121,
d4,MaxRT20_29,0.29187121331292726,0.21851208779513043,0.018884724350786242,
d4,MaxRT30+,0.46589909824376285,0.12069076175220911,0.05561387821178887,
d5,MaxRTNone,0.3446392849600387,0.46588154859794956,0.7258613867945519,
d5,MaxRT<20,0.0,0.0033809218591641745,0.0053989116401803715,
d5,MaxRT20_29,0.0,0.005304718559358649,0.003364326030468321,
d5,MaxRT30+,0.6834858736562036,0.5455407258359319,0.27557346726622506,
d6,MaxRTNone,0.0398138513657796,0.05456057977124075,0.11338774014007764,
d6,MaxRT<20,0.01823087025563182,0.009731288315659116,0.009499912511830537,
d6,MaxRT20_29,0.0,0.009738295763768867,0.0035251221621677097,
d6,MaxRT30+,0.9626583824248898,0.9455177351853646,0.8959294467872706,
d7,MaxRTNone,0.3265556859421052,0.28821506089258503,0.5290710536155302,
d7,MaxRT<20,0.0,0.0,0.0,
d7,MaxRT20_29,0.010786702816790056,0.0,0.0051404694160401,
d7,MaxRT30+,0.7347656755434957,0.7359644328336876,0.49311870548757253,
d8,MaxRTNone,0.38635345969056184,0.3640478188446909,0.31722225713463936,
d8,MaxRT<20,0.008888470646980172,0.012037548187974147,0.02114117732172632,
d8,MaxRT20_29,0.02445801355842932,0.014787897015950485,0.012923007024777002,
d8,MaxRT30+,0.6051030878459369,0.63143609496976,0.6773190545171612,
d9,MaxRTNone,0.14375333243323543,0.3178209241546333,0.49664632095864203,
d9,MaxRT<20,0.005100581450364217,0.01867317079032285,0.061114392849468076,
d9,MaxRT20_29,0.01600286194987613,0.004554588256520049,0.015603637342553952,
d9,MaxRT30+,0.8562953012526122,0.6871393292529732,0.46436136164346786,
d10,MaxRTNone,0.838305234655815,0.9452574617702477,0.9695057564520206,
d10,MaxRT<20,0.07057415219179305,0.022709928305607054,0.010117741706518671,
d10,MaxRT20_29,0.002908420932743286,0.0027709970076352447,0.0,
d10,MaxRT30+,0.10263946618595625,0.038135756114122295,0.027169987433577996,
d11,MaxRTNone,0.841296088803778,0.7051316544720068,0.4049013097547864,
d11,MaxRT<20,0.09636989957553477,0.0,0.0,
d11,MaxRT20_29,0.0,0.0,0.0,
d11,MaxRT30+,0.15701657800571897,0.2948683455279933,0.5950986902452137,
d12,MaxRTNone,0.25842132278312274,0.5230897248141713,0.5466421542673273,
d12,MaxRT<20,0.11099597425651753,0.23040160138366028,0.38660376248708406,
d12,MaxRT20_29,0.283598434116035,0.20874575955823044,0.051402060677161174,
d12,MaxRT30+,0.37667177778402283,0.05722500703684704,0.03674736149766613,
d13,MaxRTNone,0.4142137717984424,0.7180227371791906,0.7295919559348254,
d13,MaxRT<20,0.22016020908386805,0.13006499557890672,0.08992806880445793,
d13,MaxRT20_29,0.20090746355974845,0.09801768077179977,0.14747596418026088,
d13,MaxRT30+,0.19388216698875935,0.07893504373776435,0.04708233058089009,
